# Resource object code (Python 3)
# Created by: object code
# Created by: The Resource Compiler for Qt version 6.9.2
# WARNING! All changes made in this file will be lost!

from PySide6 import QtCore

qt_resource_data = b"\
\x00\x00\x01_\
@\
PBC14TEST\x0d\x0aFeatu\
re: Dummy sanity\
 test\x0d\x0a  As a ma\
intainer\x0d\x0a  I wa\
nt to run a quic\
k dummy creation\
\x0d\x0a  So that I ca\
n validate the X\
ray/Jira integra\
tion\x0d\x0a\x0d\x0a  Scenar\
io: Create a dum\
my test\x0d\x0a    Giv\
en the applicati\
on is running\x0d\x0a \
   When I click \
on \x22Create dummy\
\x22\x0d\x0a    Then a ne\
w Test should be\
 created in Jira\
\x0d\x0a    And the la\
st update is {{L\
AST_UPDATE}}\x0d\x0a\
\x00\x00\x00\x91\
<\
svg xmlns=\x22http:\
//www.w3.org/200\
0/svg\x22 viewBox=\x22\
0 0 24 24\x22 fill=\
\x22#90CAF9\x22>\x0d\x0a  <p\
ath d=\x22M21 12.8A\
9 9 0 1 1 11.2 3\
a7 7 0 0 0 9.8 9\
.8z\x22/>\x0d\x0a</svg>\x0d\x0a\
\
\x00\x00\x01_\
<\
svg xmlns=\x22http:\
//www.w3.org/200\
0/svg\x22 viewBox=\x22\
0 0 24 24\x22 fill=\
\x22none\x22\x0d\x0a     str\
oke=\x22#FBC02D\x22 st\
roke-width=\x221.8\x22\
 stroke-linecap=\
\x22round\x22 stroke-l\
inejoin=\x22round\x22>\
\x0d\x0a  <circle cx=\x22\
12\x22 cy=\x2212\x22 r=\x224\
\x22 fill=\x22#FBC02D\x22\
/>\x0d\x0a  <path d=\x22M\
12 2v3M12 19v3M4\
.22 4.22l2.12 2.\
12M17.66 17.66l2\
.12 2.12M2 12h3M\
19 12h3M4.22 19.\
78l2.12-2.12M17.\
66 6.34l2.12-2.1\
2\x22/>\x0d\x0a</svg>\x0d\x0a\
\x00\x00\x81\x8c\
\x00\
\x03\x04>x\xda\xd4\xbd\x07s\x5cY\x9a%\xd6Z\xe9\
\x1fH\xa1\xd0\x86B\x8a\x0dEH3\x92vvgv\
\xd5\xd3\xdd\xe5\x8b\xac\xa2\x07a\x08\x80\x00\x01\x10\xde{\
\xef\xbd\xf7\xde\x11 \xe8Yd\xd1\x14\xbd\xf7\x04\xbd'\
\xabXn\xba{\xaa\xbb\xba\xbbl\x97\xf7\xc4;\xfa\xbe\
\xef\xbd\x84c\xe6{\xf7\xbdL\xd6\xf4\xb2\xe2Vf\x02\
\xe9\x90y\xee\xb9\xe7\xf3\xbf\xf8\xc5\x7fG\xff\x9d\xfc\xc5\
/\xe8\xff\xff\xe1\x17\x7f\xff?\xfc\xf7\xbf\xf8\x9f\xe9\xfa\
\xdf\xd3\xe2\x9f\xfd\xe2\xdf\xe9?\x97\x7f\x9f\xfc\xbb_\xcc\
\xff\xa7A\x03f/m\xd6%-\xcdu\x09\xfd\xfa\xec\
\xfb\xbb\xfe\x9b}]\xc3\xcc\xe3\xa6\x1f\xa3\xcd}\x0d\xd7\
\xcf\x01\xf7k\xf6\xe34\xcd\xfcu\xa1\xb9\xb9\xaf\xd35\
\xfb?\xb3\xdfk?\xc3\xb2\xf8,<\xbe?\xcd\xe21\
Px\xbc\xa7\xcfd\xfec\xcd>\xaf\xf9\xdf\x93\x07\xcc\
\xc0\xcd\xfd\xe6\x5c\xd7\x1e\x7f\x8e\xc7\xf0\x06\xcd\xfa?m\
\x1e\xbe\xdd`\xfd\xb1\xe5\xe1\xb5\xe6\xef\x97\xf9\x7f\xfbc\
\xefU\xf3\xfc\xb7\xce\xbe\x0f\xdc|\xbe\x80\x02f\xdd\xbc\
\xfe\xfc\x9fC\xfb\x99p\xab\xd9\xc7\x16\xe6\xfd\x9d\xb3\xb9\
g\x0e\xbeLx\xc3\xed\xdf\xef\xe1s\xf0\xf4Y\xc0b\
\x7f\x03\x8f\xff=\xa6|6\x1f_\x9e\xf8\x0b\x9e\xb9\xd0\
\x0c\xf3\x9e~\xa7\xcd\xc7\xb9\xc3\xe5i\xff\xbb{m\xd5\
\x9fi\x16\x7f\x8f;~\xf0\xf4|f\xcf\xafi\x8f\x7f\
\x06\x1a<s\x93\xa7\xef\x1d\x9a\x87\xcfR\x9b\xf7\x19y\
:\xe7<|~v\xffS~NOg\x15\x14\xf8\x5c\
\xf3\xf0;\xb3\xc7Z|\xf7\xee\xae\xdb\xc1\xb1\xe6`/\
8\xc2\xba\xe2k\xcd\xff\xae\x95\xff\xb38S\xe1\xe0o\
Q\xd1b\x8f\xed\x89'\xf0\xf9Y\xe2Q\xf1=jp\
\xaf3U\xbf\xa7\xc7\xde\x8f\x87\xcf\x1b\x0a\xef\xc1\x94[\
=\xf1\x86\x0d<9\xfd\xdb|\xf2]iO\xf65\xbc\
={\x9e\xf4g\xa0\xf4\xda\x9a{}f\xfa^U\xf4\
\x96\x8am\x01\x05mo\xc6-\x9a\x07\xee7\xbb\xae\xaa\
\xdf\xa0~\x0e\xd8\xe1[wZ\xd0\x17x\xd3\xb4\x7f[\
<\xfd-\xec+e\x1bQS\xff\xbc\x94m\x13\x95\xf3\
\xd0[\xbb\xdc\x97\xf6\x89\x0d\xbd\x06\x9b\xba\xd7\x93\xfd\xe8\
\xe4{\xd5\xe0\xdeV\xb5\xad\xed-x\xce\xad\x1eV\xdd\
\xa7N\xdf\x9f\xbb\xd7\x9a\xff\x5c\x9a\xc9g\xe8\xc6\xbet\
\xfb\x1dh\x1e\xfc\x020\xb1\xbf\xe1\x99\xb3=a@\x89\
w\xed\xec\x133\x8dncAQ\x87[\x9d\xc9\x9a\x8f\
\xcft\x0d\xce\xf9\xdc\x91o\xcc\xc6\xe7\xe5\xe8o\xd7\x14\
\xf6\x15\xac\xf5\x81\x13=\xee\xe9\xf5\xdd\xbe\x17(\xfa\xfe\
T\xb4\xb2\xaa\xdeQ\xf1!\xfa\xd2\xafk\xd3\x96\xb2\xeb\
{\xb1k[i\x0ax\xb7\xf2\x1b\x9a\xf9-\xbc\xc1\xfa\
|\x0e\xf4\xe4\xcf\x9a\xcf\x9f\x9af\xfd\xfeT|\xdff\
\xdc\xaf\xb2\xaf\xdd\x9d;\x9a\xaaf\xf1\xe437\xf3\xb9\
\xd8\xf5\x7f>)\x1dc\xf27\xa8\xda\xbd\x9a\x85\xf6\xd4\
\x1c\xd8\xb3\xde\xeapK^6\xd1\x1a\x9af\xe2\xaf\xd7\
l\xbe?m\xee\x9e\xd047\xfe-7v \xe6k\
\x0a\x9bz\xc8\xd4Giv\x16Z\xf9\xa1|\xa9\xd5\x7f\
N\xac;\xb0G-\xb9YS\xe4k\x1f\xf9P\xe6c\
\xd8\x97\xb6\xaaf\x11\xd7z\x92>\x1co\xed[+\xec\
\xb9\x8d\xe3A\xfd\xf1\xb6t\xc8\xbf\xc1\x82J\x5c\xd8\xc4\
\xb7\xee+\xff\xf7c\xf8\xf4\xd2\x9fbv\xce\xcf\xe7M\
[\xf8\xd4\x9c\x9d\x1d\xca>\x01\xcd\x8d\x7fJ\x9b\x17\x07\
\xf2\x14{\xb4\x88\x17\xdb\xc1\x84\xd3\xbf\xd3\xc9\xe3\x9ch\
H+\xbb\xc7\xf2\x8cS\xcc#P\x89=\xd8\x8eU\xd8\
\xb4\x09Lu\x06\xdc\x7f.^\xd9\xec\xf0\x1ck\x84]\
=\xaa\x80y\xfc\x9c\x9a\xd5\x01\xc6\xdc\xc5\xe5-u\xd0\
\xcf\xa5a\xa0h_\xb9\xcb+\xb0\x11ks\x1a\xa3\xb3\
\xd4\xea\x9a\xbam\xea\x91?\x9c\x9c\xab\xb0\xc11\xbe\xf0\
\x13{\xe3\x17z\x12\xfa\x18\xff\x06\xbe\xef\x7f\x8b< \
Ov\xa7\xe6}\xac\xdfNL]\x85SM\xf3Cl\
p\xaf'\xbd\xa0\x92w\x04_\xf8\xc7\x14|\x1f0\xc9\
\x83\x82\x8f\xb1nv\xce\xfe7\x83c'\xf7W\xc9'\
\x80\xb5\xef\xd7\xad\x9fW\xd1_n\xe5\x97\xf1\x94\xc7\xa1\
\xac\xcf4\xeb\xf7\xe1m\x1c\x10\x9el&\xab\x1cP;\
~\x10\x07|\xa6\x1c\x7fuz>\xfe\xdc\xfb\xc4\x9b\xf7\
g\xa5\xc5=\xec\x0d\x15\xde\xf7tV\x00j\xfe0\x15\
\xdb\xc0\xebX6|tNj^\xfa2\xbc\xcdk\x87\
\x02\x979\x89\xe1+\xe6fy\xf4i\xaa\xe6\x1bX\xe5\
\xe3i6\xefo\xc3wn\xe7\xf5`\xf27;\xd1E\
*\x9f\xab\x99\xed\xab\xf2Y8\xca\x83T\xbd/\x1c~\
\xbf\x16\xe7\xad\xa3\xf7c\xf5\xde4\xcdV\x0e\x897\xdf\
\xa77z\xd8I\xed\x84\x9d\xfcH\xbb~yU-b\
\xa6\xeb\xdd\xe9IM\xd1\xae\xb6\xb3\xef\x01\x1b\x9ca\x17\
GN\xf0\xec\xcb=\xa2\x12K\x84\xc5\x19\xa5\x18;W\
\xc9\xb9Uy,\xbc\xc4\xa2f\xc3\x06\xb4\xf3\xfa\xbe\xce\
\xa5V\xd1=\x9e\xb4\xae2\xaf\xc3\x1e\xa7Yr\x89\x1d\
\xcd\x0a\x13<i\xee\xf3Y,qj'\xc7\x04\x0e^\
\xcb\xe1\xf9\xa9\x92\xdb\xa4\xea\xd36\xab\x8d\xd2,\xea\x17\
4\x15\xad\xa5j\xab\xaa\xfa\xcb5\xc5\xc7+\xf8c\xa0\
z\x1e\xc1\x01&T\xb8VS\xe4q'>@_p\
\xba\x22\xce5\xab\x9c\x01\x1bz\xc9\xca\x1e\xb3\xa3\x8bT\
r\xcb\x94\xbew\x93z\x1d+N7\xe3\x06'9\x80\
\x1aL\xfc~^\xd4s\xf8\xcc?\xad\xa2+T9\xd1\
*g\xd6$\x8f\xd6v\xad\x9cf\x83\xdf}\xa0\xdb\xac\
\xf2d\x95x\xdb\x0cw\x8a~\x11U\x9b\xc1\xaaV\xd2\
\xea\xfc\x84\x95o\x0b\xe6qOw\xf1\x1a[y\x08*\
8\xf72\x9e\xea\xd3\x9a\x84)\xfb\xbe\x1e\xa8\xe4\xdc:\
\xcd\x85\xf2\x90\xbf\xa9\x82\xed\xd9\xb9C\xcaz\xcf]^\
\xb3*\xc7:\xc8\xed\xf2\xf4Z\x1e{\x0ah\x8f\xe7\x91\
Z\x9e\x05n\xea\x05<\xfa~M\xea\xc6-\xf3\x8c5\
Em\xe2\x83\xd8\x85i\xde\x88B<\xcb4ni3\
\x8f\xdc\xd2gi\xd3\x17g\xc7\xc7b\x8ai'\xf6\xbc\
j\x9d\xb6\xa6~\xd6<V\xfb\xa3\xe8[r\x87YK\
?\xabB\xce\x99\xa7\xd8\x8e\xbb\xbcW\xd8\xd1\xaa\x9a\x89\
\xdf\xc5\x9b\x18\x1d\xdc\xf0\xb3\x22\xf6`\xc7v\x9c\x15K\
}R\xb1D\xb3\xba\x0dw5P\x1e\xfd\x03\x9aI>\
\xbd\xd9w5e\xc3\x06\xb7:\x13a\xa1!45\x1f\
\xa8Y\xee\xa4e\xae\x8bE|^)'\xde\x86N\x80\
\xe6\xb9\x0e\xc8*'n~o\x11\xe5\xd8\xbcU\xfc\xe3\
\xb1\xdb\xb0\xe6^_\xd7qz\xb2\xa7M\xb0o\xc7\xef\
\x87'\x95_\xe3\xf6\xf10\xdd+n\xfb\xf4\xd8\x88K\
\xba\xd5>\x16=\x1e<b\xdd\xa26\xcd]\x9f$U\
[\x0b\x0a\xf9\xcc\x1em\x04\x85\xeb\xb6s\xa9\xac\xf4:\
4\xefs\xca\xbc=\xaf\xec\xd8\xac\x0ez.\x99\xbe\x8f\
)\x1f\xfd\x9d&>]\xb3\x9cmS_\xb6\xf6\xb8\xb6\
\x86\x85^\xd74\xcfq\x22\xa5Z\x22oj\xda\xdd\xf8\
\x9fTr\xd2\xe1k\xec8\xcd-Q\x8du\xba\xb9\x0d\
h\xf6\xf3XT\xfc\xd4\x9a\x8d\xc7\xfe\x1c\xb9^\x8a\xfd\
f\x94b>\x0a1(3\xff\xc8|=\x00\x93\x98\xa5\
\xa5\x8f\x05\x0a\xe7\xabU\xbf)E;\x12*\xf6\xa8\x95\
]\xe9\xb0\xf6]\xc9\x1eU\xf5\xc9\xd8\x8dq\xd9\x88\xbd\
8\xc6\xba\xc3<6;\xf5\xd4vs\x11\xac\xe2\x94*\
>\x12\x98\xf1\xbaY\xde\x1fl\xe2\xc2\xc7u]\xf3\xed\
p\xcb\x9e?vcC*\xba\xdb\xa2O\x80m?\x87\
\x9d\xde/\xf3\xf5\x1el\xe2O\xb57\x92]\xaeV\xc8\
\xc1w\x14\xcbW\x8c\xef\x98\xd6\xdf\xb9\xf3\xa3\x98\xbc_\
(\xe4v(\xfb\x1b\x1d\xe68*\xd7\xe09\xf5m\xab\
\xe6\xa8\xf8\xe8?8\xf0\xf9y\xec\xa7\xe94N\x0c\x1b\
\xfeV\xcd\x86\xfd\xe0\xa3\x1c3\x8f1R\xcdF-\xb4\
\x89\x7f\xc4\xd3y\xa5\x12G\xb0\xd41\xaa\xbe\x11O6\
.\xcc{\x03\xda=W\x9fX>\xa5\x83\xd8\xa6\x9d\xdc\
J\xb3\xbf\xdd\xf6\xf9\xaa\xaa\xafl\xe6k\x03\xce\xf9]\
3\x89\xe7\xdb\xee\xc3\xa8b\xef\x99\xc5YM\xb0\x0e;\
\xe7\xa0\xc7\xcfv\xca\xba\xe6\xd4\x9b\xba\x05\xaf\xe3*S\
\xf6\xb1\xeb$\xcf\xdb\x22\xb7\x17\xaa\xb1\x9e'Q\x8f1\
\xe7\xb3\x98R\xde\xaf\xb6j&4\xf5\xfcH3\xac\xc3\
B\xf3\x9a\xd5\x0aA1\x7f\xcd\xd4\x9e\x81\xfa\x99\xe0\xa9\
\x07\x8b%\xb7;\xe1]\x9b=Y\xcc\xfc\x07\xb6r\x9a\
\xed\xd4@x\x9b#\xaf\xd9\xb0M\x9c\xf6\xa9Q\xe1C\
\x95\xdc\x03E\xbd\xae)\xf4\xb0\xf0\xe4\x0f1\xad\x8b\xb3\
\x95\xcf:e\xeeg\xf5\xf8\xde\xa7\x1c\xe6\x98M)\xf7\
\xb3\xf6\x95\xee\x86J\x8d\x8c]]\xe1\xad\x0f\xe8I\xe4\
\x1d9\xa9kr\xeaO\xd2\xd4\xea#Trb\xe6\xfb\
\x1c\xdd\xe5%\xbb\x8f\xa9Ny\xe4@[~G/r\
\xeea\x15\x17|\x12\xdc\x08\xf5\xfe%\xca\xdf\xa5\x92\x1f\
f\xca7v\x82\xaf\xb8\xdd\x176\x10\x140\xe3\xf6\x8c\
\x9b\xb2\xefs\x84{\xff:\xa0\x82u\x87\xb6\xb9f\x1d\
\x03v\xdak\xcbq\xbff_\xf9N\x9c\x9c\x17O\x00\
7\xca~\x1e'q8/f\xe38\xda\x93\xd0\x94z\
\x1b\x9a\xd6ki\x9esK<\xd5\xb4[\xf6\x94U\xcd\
\xe7\xd3,bb\x9a\xb3>\xc5\xf0e\xcfe\x13=\xe2\
\xcb}a[\x0b\xf8R\xbb?\x89~\x18\x8a\xfe4\xcb\
\xcf\xc6$\xbe\xee\xb1\x0f\x86\xc9\xcf-mSx\xb6\x0d\
\x1ca\xdd*\xdf\xd0F\xfc\xdc\xe7X\xb7x\xad\x9f\x05\
{6\xf6\x09\x9e$\xd6}\xe9\xbfQ\xd6%\x0a\xbc\x0e\
71s\xa8\xe5\xc3\xa8\xf8a\xccz\xf58\xb6\xa5\x14\
\xfb\xf7:\xe9\xc3\x0e\xd5\x98\xa8S\xdb\xd0\xd7\xf8\xd7\xec\
\x9f\x13x\xd2X\xf7e}\x81\xb7\xb6\x93'\x1eT\xac\
5U\xea]\x05k<*\xe7\xb4\x99\xd5\x91x\xc8\x83\
\x84\x8d\x5c\x15w\xf5;^\xd7$9\xd1\x1bv{\x17\
\xd9\xc4\xa3R\xef\x12_\x9cmS6\xf1?e\x93\xd3\
\x1d\xd8U0\xc1\xa9G\xac\xbb\xcb-Q\xcc\xc1\x82b\
\xbe\xb9\xd9\xdf\xe4\xa4\xa7\xac\xd7\xfcn\xd1\x93\x1f\xaa1\
\x00;\xb9e\x16v\xb7\x93X\x96j\xdd\xf1\xcc\xd9\x0e\
\xefu\xfa\x13\xee\x11\x06\xa7X\x879\x7fz\x8c%i\
\x0a\xfeuO=\xd05\x93\xdc^\x9b=\x94\x9d\xe6P\
+\xf5A6\xb3q\xb5\xc7\xfbQ+\x7fgS\xf6\xf6\
\xb3\xdb\x99\xe0*~\x22\x8bx\x8c\xad~\xd0O\xaa\x97\
\xdd\x94\x87\x1a\x00\xab\x9a\x19U\xac\xcfz\x1d(\xce\x12\
\xf2\xf8\x1cf\xfd\x04\xdc\xd5J\xa8\xe8d\x9b35|\
2\xd7\x056\xeaB<\xc4\x911\xafw\xa9\xe6\xc5\xf9\
\xe2i\xe6\x8cW\xfe\x10\x95\xf8\xc4\x93\xd0\xde\xde\xce\xd0\
\xb0\xea\xfd\xe7\xe1,5\x9d\xe1\xa6\x98\xfb\xa5\x99\xe9[\
\xcd\xf3\xacMSl)\xd6&\xf9\xa4\x8f\xba\x07\x8eV\
\xa9\x11tk\xab{\xa8\xdd5}\xce)M\xa9\x1f\xba\
R]\x97\x8f\xe6l\xcd\xd5?\xb0g\x8b;\xf9\xfd\x94\
\x0d\x9cO\xbf#\xd8\x9e\x8fi\x8aA\xa7y\x8e\xee\xb0\
\xeeI\xcf@m\xce'<h\x19\xd3\x19\x03^\xcc\xea\
\xb2\xb2\x9b<\xd6t\xd9\x99U\xe3A\xdfY\xd9\xea^\
\xe1]!\x1fL\xb3\xe1op\xfb\xd9{ko:\xed\
\xb1i#\x8f[\xe5\xfbQ\xc5\xba\x95\xef\xc6l~\xa9\
\xd9\x19d\xea31\xcbc\xb5\xa9\x19\x94?;\x93\xbd\
\xe5h\xb6\x93M_\xab\xed\xdaB\xbb1,;\xfd\xcd\
\x9c\xc4 \x9c\xf8Wl\xbe\x9e\xd7\xb3\xd5m`\x1d\x0a\
\xf5!*s\x13\xdciu'\xb5]\xca{Z\xa5\xce\
\x08\xf6?g\xcd]\xcf\x12w}D,\xb8\xd5\xd3\x19\
\xe2\xb8\x17\x9f/\xf2)}9\xeb\xdaG\xf9\x12\x96\xf6\
\x8f\x97\xb5\x1a\xa6X\xb73\x9f\xd3Dg\xc0\xac\x8eO\
\xb3\xf6\xa7:\xa9{q\x7f\xdeO\xb9\xef\xd1\x01\xeb\x1e\
\x96\xa6\xb5\xed>\xb0\xb5m\xeb\x10_\xe3\xcdN.\xbb\
\xb7\xefG\xf3\x9c\x97\xa8\xd2\xb7\xd14v\x0a\x8b\xb9\xe8\
\xaa3\x9d\xec\xce\xf5R\xc0\xb1fQ\x1bm\xb7\xcf\xb0\
\x9d9\xdd*}zLkp\xacz\x0c\xd8\xc4\xbc\xe6\
\xc9f\xb2\xc83u\x1c_\xf5\x85\x96R\xb8\xbf\xd5\x19\
l\xd97\xd5$\xaf\x116\xfa\xb6\x98\xc61U\xb9G\
AK{\xe4\xe9Yy\xe8\xaa\xb3\xfd\xec\xe4\xc7\x9b}\
FP\x89\x11\xab\xf40\xf3\x91\xbfO\xc9\x8f\xec\x04\xdb\
\xbe\xd0\xebv\xf3\xda\xdc\xedM\x1b1HO\x5c\xaa\xc1\
\xb3\xaf\x5c\xb3\xf0\xa1\x98a\xdd\x0eW\x9bi\x7f\xa7\xb3\
\x1e\xec\xe6\x8eX\xcd \xb6\xe5\xcf\xd0\xec\xd9T\x8e4\
\xaeb\xde\x9b'\xcde\xe6[\xb5\x9d\xf3\xf0$\xb0n\
\xb7^P\xa5\xc7\x85S\x0dc\x03\x0fV\xbd\xb1\xedj\
\x0aU\xdf\xb1\xb7\xfa\xc5'\xf9Qvs\xa9\xec\xdat\
6\x1e\x03M!\x0f\xc2a\x8e\x837\xb9,NgH\
\x98\xf6b\xf1\xc0\xf7\xb0\xc0\xbae\xce\xa1\x82oE\xb3\
\xa8y\xd7/\xa7laP\xb9w\xbc\xc7\xfbOY\xfb\
h\xacrI}\xc0\xed\x96}'4\x1f\xef+\xab\xde\
\x03&\xf7\x992\xab\x85\xd2|\xb07\xdc>~J\xcd\
FU\xac\xed\xd1`\xde'U9\xbf\xd6B\x93\xd8\xad\
\x87\xb5k3\xc2G\xcf\xe7U\xfe\xae/r\xe3\xbd\x99\
\xd3\xe7\x03?<\xbc\xe1Z\xd5:\x16\x1b\xf5\x01P\xc0\
:<h\x06\xe5X\x92J\xfd\xaa\x89mjU\x87\x04\
o\xe3\x00\x0e4\x8aY^\x94\xb2\xbf\xdd*o\xd6\xd7\
u??\xf3\xcch\xcbY\xc8\x0em\x22\xcb\xbc\x17U\
\xac\xab\xda\x95>\x88\x9bz\x8c\xb9\xdb\x99q\xea\xb4\xa7\
\x87\xa66Or6G)\xf7\x81rg\x0f\xa9\xc6 \
Mz\xc3\xfe\xcdc\xdd$/\xc54WU\xb1w\x02\
T1\xae\x90\xb7\xe6Q\xaf;\xd0\x0b\x1e5\x8c\x89\xcd\
\x0a\x0b\xdf\xbeU\x5c\xdc)\xbf\xbb\xdb7\x9a\x22\x87[\
\xe5a\xda\x9a\xd1\xa7\xa2W\xb5\xbfa\xdc\x9b\xc6\xd1\xcc\
\xeb~\x1c\xe7\xb2\xd8\xe8}a\xa5\x81\x9c\xce\xa9S\xaa\
\xf7\xd0\xcc\xe7\x19x\x95\xcf\xab\xd0\x13\xc0S\x7f\x00\x95\
\xfaj\xd5s\xd5\xdd\x1c\x22'\xf3X\xbd\xc9kr\x94\
'\xef\xb4\xef\xabE]\x81m\x1b\xe6I\xe5\xcbX\xe5\
\xaf\xdb\xf4U\xab\xe6\x08(\xe7\x87x\xaa\x89\x98~\xaf\
p\x86w\xa8\xd7\xa1\xb9\xcd\xb51\xf1\x11\xd9\xd11*\
uB\xa6\x1c\xffs\xf3\xf8\x94\xfaw\x0a/\xe2\xa2P\
y\xbc\xd9\xcc\x22\xab\xef\xca\xa4FS\xb9o\x86U]\
\x92fm\x97Z\xf9\xb0Tg\x86X\xe6\xcc\x9a\xf4I\
\xb0\xac\x87\xb0\x9a\x11\xe8\xd46\xd3\xfe\x8d\xf8\xdd\x17\xdc\
\xae\xbaO,\xf6\xf0\x5c|\xc0\x96\x9fQ\xa9/\xaff\
\x9e\x13\xe21\x7f\xd0\x04\xeb\x1e\xe7\xdc\x99p\xbf\xc7|\
\x5c\xc5\xbaAe\x9c\xdb\xc9%\x87u\x0e\xb9J\x7fo\
_\xe5z\xf8T\xbbO\xb9\xa9q\xb3\xfbXo\xee\xeb\
\xc9\xe7\xa8Z/\xe0I?\xce\xd7\xab\x0e}\x1c*\xf5\
\x1d\x9e\xb0nv?O\xf9a\xe6\xdf/l\xd5M\x01\
&5\x13V\xcf\xa3\xc1\x94\x13\xdcj \xcdf<\x15\
\x0ej\x85\x9d\xe4\xea\xce\x9e\xbb5\x85\xbfI\xbf\x8ee\
o8E\x1f\x8c\xe6\x0b\xac\x9b\xf4\xed2\xf59z\x9a\
\x8dd\x96\x93k\xa2aT\xeb}\xdc\xd6q{\xb0\x8f\
\xcd\xfa$X\xf6l\xb7\x13\x07\xff9\xea4U\xef;\
\xe5P\xb7+<\x0e\x0ep\xee.O[e\x86\x82\xd9\
\xbch\x8fX\xf7t\xd6[\xf5\x8c\xd1\xccc\x0a\x9e\xb0\
n\xbb\xff\x83\xe60~dQG\xa4\x12\x17u\x923\
\xe6Smm'\xcf\xcbB\xaf\xfe-\xf29T}\x03\
vr\x1c\xadr\xbc\xcc\xf2\xdd4\xeb<C;\xf5\x02\
Nz\x9d8\xf5\xab[\xf5\x06\xb0\x8a\xff\xffl8\x9f\
R\xc4\xb2\xaf\xeb\x8a\x9e\x84f\xf7\xa6\xa6\xdb\xcb9\x89\
\x1ek\xbaT\xe3F\xf0`\xc3j\x9es\xc1\xcc\xfa\x1e\
Ya\x1d>\xc0\xbaG?\xa4\x1d\xac\x9b\xfa\xcc\xa7\xfe\
\xf6\xe2>\xbe\xc8\xb5\xf1\xd4\x7f\xfeI\xf5\x87Q\xe9\xd9\
a\xc3\x7fa\x15;\xb5=k\xc0\xa2\xce\xc9\xaev\xf0\
\x16\xebN\xfa}\x98\xd60h*\xb3]\xa6\x1cch\
J\x9b\xfay\xf7\x86B\xde\x91\xe5l\xbb'm\x9b\xaa\
\xd6\xb7\xab\xd6\x8d\x98\xe4\xf0\xa8\xe4\xae\xaa\xcc|4\x9b\
\x8f\xaeRs\xedD\xc78\xf2\xbd\x9b\xfaM\xa6\x94\xe7\
e\xda\xf7O\xeb\xff\x1eM=\x92\xdbSSS\xb2|\
\xda\xd7\xd9.\x1f:\xc9\xa9\xf5\xd1\x9c^\xcb9\xba\xf0\
\x9c\xa7\xa8\xe4\xe3\xb2S\x8f\xa0\xd23\xd4S\xfd\xa6\xa7\
\x1eU\xb6\xf1>\xa5\x9c\xbbn\xa9\xd9\x15\xb0\xee\xe9\xb5\
\x9c`L\xc7\xf2#\xc1\xf6\x14\xdd\xfe\xe2\xcb\xafh}\
\xad\xe3\x9d\x9d\x80.\xec?zd`\xfe\x09i\x07\x95\
\xb9\x1a\x1e\xf1>\xa5\x96\x8be3&\xe5$\xe7Zy\
\xefj\xf6\xf1\xee\xb1\x97\xa9\xd5\x8c\xf6y\xba\xdeV\xfe\
\xba\xdd\x9a~\xcd<\x7f\xc7\xae\xff\xc6\xeb\xd9Dt[\
\xb0Mk\xfe\xbf\xaf\xbe\xf9\x0e\x1d}\x9bq\xec\xc4y\
\xb9}\xf2\xec\x15\xbc\xf3/\xbf\x9fs\x1fy<a\x7f\
\x06\xff>\xccC\xf7\xa6O\x92/\xea\xa35\xeb\x9c+\
\xcb:\x7f\x87\xf5{\x8ek\xdc\xdc\xd8\xbc\xeej\xba=\
\xc5!\xad|\xf9\x8fc\xdd>\xb7\xdb\xca\x97\xb6S+\
jj\xcf\xe9\xcb\xf5\xef\xa3\x8f?\xc1\x8d[\x0f\xd0\xd6\
\xbd\x1e\x1d=\xeb\xb1a\xf3^\xac\x9b\xd8\x8d\x97\xfd\xe2\
\xd0\xd46\x84\xcc\xfc\x06\x04\xad\xc9\xc4\xa93\x97\xf1\xd9\
\xe7\x9f\xe3\x87\x1f~xl\x7f\xcc\xc6\xfd\x94\xd7\xbc\xaf\
pv\xc0\xc3\x99\xe0\xc3=eY\xdb\xaa\xc2\xe9V\xf6\
\xb8f\x9dCl+\xa7\x17\x9eg\x83\xb9\x8b\xb9\xab\xc6\
\xad\xec\x9e=*\x1cm\xc7\x7f\x08\x07\xb5B.\x9b\xf3\
\x87\x1f\x7f\xc0\xc5\xcb7I\xab|\x89\xc6\xf6u\x08X\
\x9d\x81E+\xe3e\xbd\xb4\x22\x8e\xb0\x9d\x8d\x90\xc8\x1c\
,\xf2\x8f\x13\x9c/\x0fN\xc1\x92\xc0$\xac\x8e\xcaE\
\x5cr\x19*j\xbb\xb1i\xdb^\x5c\xbbq\x17_\x7f\
\xfd\xcdc\x9c\xff\xd3#\x97&\x9a\xf2\xceG\xe3\xb4\xc6\
\xdf\x87\xaf\x01\x1bg\xb7Wy\x8e\x0e\xea\xd5\xe6\xf7\x08\
\x00\xcc\xed}+\x7f#\x14\xf2\x5c\x9d\xd6\xc7Y\xcdL\
R\x8a\xcb\xabhrM\xc79c\x90\xff\xfd\xfe\xbd?\
beH\x0a\x8a*\xda\x11\x16S@\xd7\xd3\x04\xdb!\
\x91\x8c\xf1\x5c\x04\xae\xc9\xa2\x95\x89U\x91Y\x84\xf5,\
\x04\x13\xc6W\xd1\xef\x97\xafJ\xc1\x8b\xcb\xa2\xf0\x9b\x17\
B\xf0_\x9f\x0e\xc03\x0b\xc3\xb06\xbe\x10\xed]c\
8\x7f\xf1\x1a>\xfa\xe8\xe39\xf6\xad\xcb\xc6\xfd\xc9\x93\
\xde\xf1e\x1c\xeb\x09\xf8c,\xfbm9\xd1N\x9a\x1a\
\xd6\x9d\xd4j(\xfd=\xaay\xc3\x16\xb9\xae\xb6\xf7\xbe\
\x8d\x19BN4\xfa\xd4,?\x0ac\xee\x87\x1f\x7f\x14\
\xfcmye?\x9e_\x12\x09\xff\xb0\x0c\xac\x8a\xc8\x96\
\x15\x18\x9ei\xac,\xc1z\xd0\x9c\x95\xad\xaf\x88,\xe1\
\xf9\xc0\xf0t\xf8\x05'c\xe1\xb2\xb5xj\xc1j\xfc\
\xea\xb9P<\xffr\x04\x82B\xd3PV\xdd\x85\x9d{\
\x8e\xe0\xf6\xbd7\xf1\xf57\xdfx\xd4;3\x9a\xc7G\
\xb1-xi+\x98\xf5rv\xaa\x87l|g\xaa\xb6\
\x9c\xe6e\x8f;\xa5\x19\x166\xf3\xc0=\xf7>\xb2\xf6\
o\xf9\xa4\xdf\x85\xc1\xe5\x82\xf3G\x8f\xa6\xf9\xf6\xce\xdd\
7\x10\x10FX%^\x0fa\xbe\x8e\xd0q\xacs\xf9\
\xdc\x154\xe7v&\x02\xc23\xf4E{\xc4\x7fu:\
\xf1|2V\x04\xa7bYP\xb2h\x9f\x17\x16G\xe3\
\xd7/\x86\xe1\x97\xcf\x05\xe3\xa5\xe5q\x88N,Ae\
]\x0fv\xbdv\x0co\xbc\xf9.a\xff\xdb\xc7\xb0\xaf\
\xbf?}y\x85}\x959u\x0e}4\xf8\x99\xce\x1d\
w=\x9fTk\xda\xac\xb0n\xa7o\xad\xdb\xdcX(\
\xda4\x0ej\xb6\xdc\xf5\x10\xb5\x8dsZ\x8f~\xd2u\
\x0bs\xec\xc8\xf8+\x84\xc9h\xbc\xbc\x22\xc6\xe0gZ\
\xc2\xd9\x8fc|\xf6\xe2\x9f\x05\xc8\xfdu\xac\xfb\x1bx\
\x0f\xe03 <[.W\x86f`\xc5\xaaT,\xf6\
O\x10\xbb\xf6\x85%k\xf1\x9b\x17\x99\xf3C\xf0\xf4\x82\
0\xc2~4\xe2SJ\xd1\xd5\xb7\x01'O_\xc4\xbb\
\xbf\xfd\xbd[\xde\x9f\x9a2\xf1\xf1\xf8\xaa\x0e\xd5\x06\xf7\
\xda\xe9w\xef\xad_\x1fNz\xb9)\xd6jh&y\
\xeb\xa6\xbdK\x15\xf2\xd0m\xd5\xf0\xa8\xe8u[\xb9\x80\
:G\xfe\xf4\xd3O\xf2\xf6\xf8\xb2\x82\xf8\xf5\x1f~\xe9\
\xa7\xe3\x9cx=\x80xY\xc7\xfa|\x8cg\xcf[\xb3\
\xf6A\xb8\x8b\xdb\x0d\xadC\x8bq\x1e\x10\xa6_\x0f\x0c\
\xcb\x14;\x97\xf5\xff\xb2\xa0$,!\xdc/Z\x99\x80\
%\x01\x89d\xe7\xc6\xe3\xc5\xa5\xd1x~Q\x14\x16,\
\x8b&\x0d\x94\x82\xe4\xcc\x0a\xd47\x0d`\xf7\xde\xa3x\
\xf0\xc6[\xf8\xe2\x8b/\x1e\xd7<\xc6\xb9\xf4\x18\xee}\
\x95\xff\xa2)b\xdd\xaa\xee\x0f\xde\xfb\x80\xec\xce\xd40\
\x9d\x97d\xc6\xc1\x16\xf3\xf0\xacs\x12`;\xa7H\xa9\
\xaf\x82\x0d\xed\xc9\xe7\xff#\x83\xcf\x05\xe7\xc6\xbf\xf6\xee\
\xf5\xa4+B\xb1xe<\xfcCRI\x7f\xa4\x09G\
\xb3.\x99\xc1\xb7q\x191{\xe5\x18\xfaf\x96\xc6\x09\
\xcf\x9a{\xdd\x85y\xc29c]\xf6\x8f\x5c7\xb4\x0e\
\xad\x95\xa1\xe9\xe2\xcba\xbd\xc3\xd7Y\xff\x04\xd0\xe5\xd2\
\x80\x04\xe2\xfb\x18,Z\x11O\xfb#\x15\xf1\xa9e\xa8\
m\xec\xc7\xab{\x8f\xe0\xf5\x87\xef\xe0\xaby>\x1e\xd1\
:\xee0\xef\x8b<b\xb3:b\x95Z<\xab^[\
V\xb9\x02\x0ex\x1d\x0a\xbd\x1a\xdd\xcd\x9d\xb0\x9a\x0ff\
V\x0f\xa7i\x8a\xb3STz\xe1\xa8`\xddC\x0d\x8f\
h\x16Z?\x1a6(\xfb\xce\xd9V\xfc\x0di\xe8\xa5\
\x81I\xd3\x9c;\xc3\xe9\x99\x06\x9fg\xbb\xc5\xf9*\xc6\
\xfa\xac\xcb\x19\xdcgO\xf3\xbc\xbfh\xf74\xf1\xeb0\
W\xb3\xcd\xba\x22(\x91\xf4L\x12\xd9\x04\x84mz-\
\xffP\xe3\xf7!\xc9\xf2{\xbf\xe0$\xfaY*\xbd\x8f\
T\xda\x13\xe9XE:\x88\xf7\xc7\x8a\xa0\x14,\xf6#\
\x0d\xb4<\x96\xdeo\x22\x92\xd2+d\x9f\x9e\xbdx\x0d\
\x9f\x7f\xfe\xf9\x1c\xae\x9fz4\xa5\xc6\xefP\xb0mU\
rk\xa6\xeci\x13\xa5\x1e\xaf\xd0\xdc\xcex\xb13\xf7\
\xc4\xdd\xe3\xec\xd4'\xaa\xf4\x00\xf58GCE\xdb)\
\xf4\xf1\xb3\xebCs\xd9\xa1?\x1a|\xfe\xde\xfb\x7f\x16\
\xdb\xf0\x97\xa4\x97\x97\x93\xed\x18Dx\xe2\xa5\xf3p\xe6\
\xe3~\x16\xc6rd\xae\xbe\x5c\xb8f\xcd\x22\xfc\xcc\x9a\
G\xdf#.\x9d\x1e\x14\x91\x8b\xe0\xb5\x85\x08O\xacB\
DR\x0d\x22S\xea\x10\x9b\xd9\x86\xc4\xbc^$\x15\x0c\
 \xb5h\x18\x19e\xe3H-\x19\x91\xdb\x89\xf9\xbd\x88\
NoBx|\x85<\xce\xa5\x7fx/\xc8\x9e\xa0\xbd\
\x10@{\x82\xb1\x1f$gA*i\xa08\xbc\xb4l\
-\x96\x92\x16\x8aO-\xc7\xd8\xc6W\xf1\xde{\x7f\x9c\
\xc3\xf3\xae\xf3\xcc\x9en\x81\xf7~\x1f\xcd\x9a\xa3a\x15\
\xfbs\x97S\xe3@\xc3<\xd6/B\xd5\x0f\xe3\xa9?\
\xbbYN\x90\xe2\xdc#\x95|u'\xf9\xdaSF\xcc\
\x9e\xb1.\xbe\x96\xfb\x0f\x11\x16\x9d\x87\x7f~.\x98\xf8\
5Ex\xd3\x85\xf5i\x9f\x8b\xcb\xb7\xe8\xd2*\x11\xd9\
\xa2\xc3\x19\xd7|=$\xba\x10\x11\x895:~\xf3\xfb\
\x08\xaf\x83\x84\xdbQdUmBn\xdd+(l\xde\
\x8b\x92\x8eC\xa8\xec=\x89\xaa\xbe\xd3\xa8\xa0U\xd5\x7f\
\x065\x03\xe7d\xd5\x0d\xea\xabv\xe0,\xaa\xe9\xe7r\
\x9f\xee\x13(\xed:\x8a\x92\xf6C(h\xde\x87\xfc\xa6\
=\xc8\xae\xde\x22\xcf\x1b\x97\xd5\x81\xf0\x84*:C\xf2\
\x04\xf7\xcb\x83\x12\xe8\x92\xf7h\x86\xd8\xd1~t\x1e-\
\x0dHB\xd8\xda\x5c\xf4\x0fo\xc6\x87\x1f}<\x8dw\
\x97\x96\x9f\xf2\x16\xbb\x0a\xbei%\xff\xa3;\xbb\xd1*\
F\xe3\x09\xeb\x0a~~\xab\xfcF\xb7z\xddB\xafX\
\xe5zZ\xf5R\xd0|\x18\x17\x98\xad\xd1\x7f\xfai&\
\xafe\xdb\xab\x07\xb1`i$\xe9\x96\x10\xd2\xc7)\xa2\
[\x84\x87E\xa7\xe4\xe8+B\xbfd\xbc\x8b\xfe\xa0\x15\
\x14\x99G\xdc\x5c\x8f\xb4\xd2Q\x144\xedBE\xd7a\
\xc2\xeci\xd4\x0f\x9fG\xc3\xf0E4\x8cL\xcaj\x1a\
\x9dD\xe3(_\xbf\x88\xfa\x91\xf3\xa8\x1b&L\x0f\x11\
\xa6\xe9z\xcd0\xe3\xfc,\xdd\x9fq~VV\xed\x00\
\xe3\x9fV?\xed\x85\xbeS\xb27*hU\xca\xf5S\
\xb2\x07\xaa\xf8wt\xbd\xbc\xf3\x08\x8aZ^Cf\xc5\
\x84\x9c\x01\xc1\xf4\x9e\x98\xdf\x19\xfb\xcc\xf7\x1c\xeb\x0a\xa4\
s\x80}:\x1c\xc3:\x7f\xe1\xeac\x1c\xef\xb3~\x91\
&\xbd\xae\xbc\x99Wi\xb6?\xe0\xa9G\x8aJ\x5c\xd2\
d\x1e\xb0U\x1c_\xb5'\x9dU}\x9d\x9d\x19\xb8N\
r\x14]6\xe87\xdf|\x8b\xe6\x8euxjA8\
\x9e[\xb4\x06K\x02\xe2\x0d\xbf\x89\xee3\xd1uw\xae\
`\x5c\xf7\x8fg`\x15\xe9\x15\xd6\x1f)\xc5\xc3(n\
\xdd\x87Z\xc2f\xd3\xbaK\xb4\x08\xd3\xeb.\x12\xa6\xcf\
\xd3\xba@\xd7/\xa0\x99V\x13]o\x1c\xd1W\x03a\
\x9bW#\xfd\x9c\xf1=\xb4\xef\x1e\xf6\xdd\xfd\x0b\x9a\xc6\
/\xd2}\xcf\xd3}\xe9w\xf4\xfbz\xc2}\xfd\x90\xbe\
\xea\x86\x08\xfb\x83\x06\xf6i\x1fU\x0b\xfe\x09\xf7=\xc7\
\x89\xf3y\x1dC9\xad\x0a\xe3vi\xdb\x01\xd2Ac\
\x88NkDXl\xb1h|\xff\x90$\xacZ\x93!\
\xbc\xbf\xc4/\x1e#\xeb\xb6\xe1\x87\x1f\xbe\x93\xcf\x80\xf7\
\xfc\xd4\x93\x881\xc1|f\xb1\xd9\xbc\x19\xa58\x8d\xcd\
\xdc^\xab\x99y^\xcd\xd9\xb3\x9am\xa0\xda\x0b\xdcn\
L\xd5*\xe6o\xe0\xfc\x0f\x7f\xfc32\xf2\x1b\xf0\xec\
\xe2\xb5XD\xda\x96\xed:\xc6\xf3L\x0c4\xdb\xf0\x0d\
r\xdc\xbf\x00Q\xa9\x8d\xc2\xdfE\xa4C\x18w\x0d\xa3\
\x84\xebu\x93\x82k\xc6n\xf3\x18\xe1ul\x12\xcd\xe3\
\x93h\xa1\xcbV\xbal\x1b\xbf$\x97-\xe3\x97d\x1f\
\x08\xee\x09\xcf|\xdfZ\xc2\xf1\xf0\xfe\xfbx\x97\x8e\x97\
\x93\xf7\xff\x82\xd6\xf5\x97\xd1>q\x85\xeeO\xf7\xe5\xe7\
\xe6\xbd\xe1\xc2<]6\xc8Yq~\x16\xf6O\xa1\x9a\
1\xdfK\x18\xefa\xbc\x1f%\xac\x1fEU\xcf\x09:\
\x0fN\xa1\xa6\xef\x04*:\xf6#\xbdd\x18\xe1\x84\xf9\
\x95\xab\x12\x88\xe7I\xdb\xd3y\xc4vlyU\x07\xfe\
\xf2\xe7\xbf\xcc\xd24\x8ayW\x0es|\x95f\xdeZ\
\xd5C\xf8\xa8\x96\x13P\xc4\xba\xa6V\xaf<G\xbb\xdb\
\xc8\x8fQ\xf9;\x9c\xda\xa1\xae\xdc\x96;\xf7\x1e\x22\x22\
\xae\x10/\xfb%`\xd9*\xb2\xe7\x02\x93u\x7f\xb7\xa1\
\xcb\xfd\xe9\xec_I6_pt\x11i\xee~\x94\xb4\
\xbe&\xda\xa2iL\xd7#\xc2\xcf\xcc\xc1\x8c_\xc2-\
c\xb9u\xe22-\xba\x5co,\xfaY\x8b\xe0\xfe\x12\
\xda\x08\xc7\x1d\x1b\xaf\xa1s\xd3\x0dtn\xbe\x8e\xf6\x8d\
W\x85\xbf\x07^\xbd\x8e\xc9\xf7?\xc2\xa5\xdf~@\xf7\
9\x8fj\xc2m\xc3\xf0Y\xd9\x17m\x84\xfb\xf6\x8dt\
\xdf\x0d\xd7\xe9\xf9\xae\xd0\x1e\xb9\xa8\xf3=\xfd~\x1a\xef\
\x83\x84\xf7~\xd6\xfe'H\xdf\x9c M\xe3Z\xc7\xe9\
\xb9\x8e\xd1^\xa0\xd5\xcb\x98?\x84\xc4\xecv\xe2\xf8d\
\xb1\x97W\x91\x9eg\xdb5\x8a4\xcd\xa5K7\xa6\xe3\
Q\x96\xf3\x00m\xc6~,\xcfa\xc5\x1a\x1e\xd3x\x8b\
\x93\xfc*\x0f\xbc\x0e\xb3\xdaj\xb3Z\x0d\xc5>\xaf\xaa\
\xfd\x17ms\xba\xab\x22\xc4\x85s#\xef\xfc\x0c\xe9U\
\x8e\xf5\x0b\x8f\x13o/\x0dJ\x15m\xc2z\x85\xb5\x0b\
k\xdd\xa0\xa8|$\xe4\xf7\x8b=X\xcf\xfacT\xd7\
&M\xa3\xe7D\x974\xaf\x9b\xe1\xf0f\xc6\xf4z\x17\
\xd6/\x0b\xce\x19\xe3mt\xbdk\xf3\x0d\xf4n\xbdI\
|}\x99t\xf5!\xa4\x94\x8c#$\xa1\x11\x0b\x83\xf2\
\xf1\x9b\xc5\xc9\xf8\xd5KqxvE*\x9e[\x99\x89\
\xa7\x97\xa6\xe0\x97\x0b\xe3e\xfdfq\x12\x16\x06\xe6\x22\
0\xa6\x1e\xf1\xf9\xc3(h\xdcM\xfc~\x16m\x1b\xae\
\xd2k\x5c\x95s\xa4v\x88\xb1~\xda\xc0\xbb\x8e\xf9Z\
\xe6sY'\x85\xd7\xab\x88\xef+\xbb\x8f\x90\xde9&\
g@z\xf1 \xe1=Et\x0d\xfbmV\x04%a\
y`\x12v\xef9\xa2\xe3\xdd\x8b\xfcu\xd3\xfa$\x85\
\x9a\x10\xd8\xe9km\xb7\xc6MU\xaf\x9b\xd4N(i\
\x0d\xd3\xcfn\xca~\x8e=\xecq\xf9\xa3Y|~\xe4\
\xe4y,\x0e .\x0fJ\x14\xfbrE\x08\xdb\x98\x99\
\xa2S\xd8\x8f\x17\x12S\x8a\xa4\xc2A\x14\xb7\x1fD\xd5\
\xc09T\x0f\xeaz\xb9\x911>v\x81\xb8\xfa\x22a\
yR\xb0,\x9a\x855:s\xfd:\x1d\xf3\xcc\xc5:\
\xbeo\xd1}.\x22\xbfq\xa7`\xfb\xe9\xa5\xa9\xf8\xc7\
g\xa3\xf0\x8f\xcf\xad\xa5\xebiX\x16^\x89\xd5\xc9\x1d\
\x88\xc9\x1dAr\xc9F\xa4UlAF\xe5V\xa4\x96\
oBB\xe18\x223\xfb\x10\x14\xdf\x8c\x15k\xaa\xb0\
  \x0fO/K\xc5\x0b+\xe9\xbcY[M\xf7\x99\
 \xdc\x1e'\x8d\x7f\x09\x8d\xf4\xda\xcc\xef\x8c\xf3\xea9\
8\xa7\xdb\x84u>'\xaad\x1d\x93\xd5@\xfb#)\
\xafC\xfc\xf8\xec\xbf\x97XpH*^^\x11\x87\x13\
\xa7'\xa7\xfd\xf0s>m/{\xdb\xa8\xe4\xa8?~\
\xa6OY\xe79i\xceu\xbb\xa7\xdeHpw&)\
\xe6+k0\xaf\xdd\xb7\x95\xabc#\x8fzjNN\
\xae\xae\xcf\x8f\x9d\xbe(8_\xce\xdf3\xe1\x9c\xfdq\
~!\xe9r\x19\x14U\x80\xe4\xa2!\xd2\xbbGPK\
\x9a\xb8\x8a\xec\xc6:\xd2\xd6\xec'\xa9g>'\x1em\
a\xad2\xbd&E\xa3\xb4\x91\xb6h\xdfp\x8d\xf4\xc9\
\x0dt\x88>\xb9J\xba\xf9\x10\x223\xba\x05\xdf\xff\xf0\
t8qt\x0aV%\xb4!\xb3f\x07\xe1\xef\x14\x9d\
\x0d\xbc'\xae\x896\xd15\xca5\xba\xcd|}\x85\xce\
\x87+h\xa6\xd5B\xb7[\xd6_\x95\xdb|\xa6\xb0\x1e\
\xcf\xaay\x05k\xd2\xbb\xb1xu1^\x0a\xcaC`\
|=R+6\x8a~\xe1\xf3\x85u\x0f\xefK\xc68\
\xf38s:c\x9d\xf7EM\xffq\xe1\xf9\xfa!:\
\x07z\x0e!8J\xf7Q\xba\xf0\xbe\xdc\x88A}\xf9\
\xd5\xd73\xfc\xee\xfa\xf45\xef\xb9\xddI\xfd\xa8f\xc5\
\xcb\x8a}\x0b4\x1bX\xf7\x14\xa7\xf2\x84u\xcd\xc2O\
\xe3\xe4\xfc\xb1[\xff\xee\xc2\xb9+Ft~\xf2\x9a\xf8\
\x129\xfe\x12 \xfe\xc2t\xe2\xf4T\xf9YDr=\
\x8aZ\xf6\x12N\xce\xa0n\xf8\x0ci\x83\xd3h$N\
\xde\x7f\xfb\xcfh&\xfd\xcd6$kr\xd6'\x9d\xcc\
\xd9\xdbnM\xeb\x12\xc6QA\xf3\x1e\xe2\xda\x8d\x08K\
\xed\xc0\x02\xd2\x1d\xff\xf4B,\xf1p&BS\xbb\x90\
\xd7|\x804\x10\xd9\x9b\x13\xb7\xd0\xb1\xe1\xa6`\xbcu\
\xec\x8a\x9c\x07l\xd3\xb2>\xaa\x1f\xbe >\xca:\xd7\
b\xdf\xcb\xf0\xcc\x12\xff\xe5(\xdb\xbe\x97\x08\xd3\x97\xe5\
1\x85-\xfb\x10\x9d3\x80\x95\xd1\xd5X\x11Y\x89\xf0\
\xb4N\xa4WnBy\xd7!\xe1\xf9:c\x09\xb7\xd3\
\xaa\x1d8\x81\xba\x01\xd68'\xc8\x1e8\x8d\xb5\xa9\xb5\
XNg\x9b\xc4\xb9\x08\xef\xaciB\xc8Ny\xf8\xd6\
og\xb4\xfbl\xac;\xa8\xc7\x9e\xb2\xa3\x85Tz\xa6\
[\xd4\xff\xd8\xa9QV\xa9\xf1\xd4\x14l\x0c\xbb3\xeb\
\xec\xe4`\xaap\x8a\x8b\xd3]8\xbfq\xfb\x9e\xc4\xf5\
\xd9\xd6d\xbb\x93q\xbe<8\x19\x81\x11\xb9\xa4\x9f\xd7\
\xa1\xb4\xeb\x98\xf8\xb0k\x08\x0b\x0d#g\x05\xeb\xe3\x87\
\xee\xe1\x8do\xa7\xb0\xe1\xe4\xbb\xa4\x13\xae\x08\xce+{\
\x8f\x22\xb3z\x0b\xa22{\xb02\xaa\x1a\x0b\xfcs\xf1\
\xcf\x0b\xe2\xf0\x9f~\xb3\x1a\xff\xf1W!\xf8\xbb\xff\x12\
\x80\x17\x02\x0a\x90U\xbb\x9b\xf6\xc1\x0dto}@z\
\xe7\x0e=\xe7uZ\xd7\x08\xdf\xd7\x89\xd3/\x13\xe6.\
\x10\xcf\xb2\x7f\x85u?\xdb\xb0\x97\xc5gY?r\xd1\
\xf0\xbf_\x10l7\xf0>\x10\xff\xa3\xee\x8f\xd7\xb5\xca\
iT\x0f\xf0~<+v1\xdb\xa9E\xad\xfb\x90Z\
6!{\xcd/\xaa\x0a\xc1\xf1\x0dH(\x18\xa2\xdb\x9d\
\xc8\xae\xddI8?E\x18?N\xaf{\x02\x8d\x84\xf3\
\xfa\xc1\xe3\x08\x8d) \x1d\xa3\xeb8\xc6;\xe7)\xac\
M(\xc6\xfb\x7f\xfa`\x16\xaf+hd'\xf9aV\
\xfd\xbeT\xeb\x0f\x14\xb1n\xd6\x1f\xc6\xb4\x9eYS\xe8\
\xf1\xa1\xda\xf7\xcc\x09\xd6m\xf2\xf9\xeb\x0f\xdf\x96X\xca\
\xf2\xe0T\xc1\xb9_(kt\xe6\xf2:\xe46\xecB\
y\xcfIZ'$F\xa3\xeb\xf2\xf3\x82\xa9\xa37\xdf\
\x07\x7f\xeb\xdb\xce?DhJ'\x9e\xf3\xcf\xc6?\xbf\
\x9c\x88_\x93\x1eY\x14Z\x8a\xd0\xe4N\xc4\xe6\x8d\x22\
\xbdb+\xe1i\x17\xd9\xb0GH\x973\xb6\xf6\x11\xc6\
\x1f\x92Vg\xbd~\x93\xb8\xf8&\xe1\xf8\x16\xad\x9b\xc4\
\xb9\xe7\x90[w\x04\xd9U\x07\x91^\xb6\x0f)\xc5{\
H\xab\xef\xa6\xfds\x00\xa5\x1d\xfc\xfa:w\xb3\x9d\xcb\
8n\x18\xd5\xb1\xde0\xe2\xc2:\xe9\x13#\x9e*\x98\
\x17\x8d~Bl\xd3\xa6u\xec\x13\x22\xed\xd5s\x04Q\
\x19]x\x86\xf4\xfd\xcb\xc1\x85(n\xdb\xaf\xfb\x8ch\
O4\xd2>n\x18:\x81\xa4\xfc.\xd2q\x09\xba\xdf\
=T?\xe7\x96\x91}ZP\xda:\x1dC\xd6\xb4Y\
\xdf\x8a\x9d\xd9\xeb\x0e\xeb/l\xcd2\xb19k\xce\xcc\
\xb7\xad\xc4\xeb6j\x05\x9d\xe0\x5c\xb3\x8a3\x99\xf0\xb9\
\xcb\x7f\xfe\xbb\xdf\xbf\x875\xb1\xf9\xf2=r\xfe\x0ac\
\xdc\x9fl\xd0\xd4\xd2u\x82o^\x1c\x7f\x91\xf8\x8c\xf8\
\xef\xd8\xcfqEb:\xed\xeb\x8f#\xa3j\x10/\x06\
\xe6`QX9\xa2r\x86\x91\xdbx\x00\x95\xfd\x84\xc7\
\xf1\x1bd\x7f\xdeE\xf7\x96{\xe8\xa6\xcb\xf6\x0d\xb7I\
\xaf\xdf%\x1dt\x9c\xb0\x7f\x90\xf0z\x87\xd6m\xc2\xec\
\x1d:\x0f\xee\x08\xb7\xb7\x8c\xdf!\x1e'^\x1f!\x1d\
\xc3\xbf\x1f\xbd\x85\xda\xde+(l:\x8d\xd8\xdc\x9d\x08\
K!\x9b\xb4\xe0U\xb2e\x0f\xa3\xb2\x9b}+\xe7\xa6\
\xf9\xdd\xa5i\x18\xf75\xc2\xed:\xd6\xc5\x0ee\xadB\
{\xb4\xbc\xeb \xb2k6\x22\xb5x\x00\x09\xb9]\x88\
\xcf\xe9DjQ?Rh%\x17\xf6\xd3\xcf\x07\x91\x9c\
\xdf\x83\xd0\xd82,\x0dJ\x12?\x94\xfftl5\x8d\
l\xd3Xl\xdbq`\x9e~\xc1\xdc\x1c\x18\x07g\xac\
\x9d>\x18\xb03\xc3\xc7N_C\x13n\x87Y\xcf\x0c\
\xcd\xbd\x1f\xd2\xd7~~\xbb\x9c>\x1f\xe7\x7fx\xffO\
\x88N,\x96\xbag\x8e\x83\xf2\x19\x1d\x12]\x8c\xbc\xfa\
\x1d\x92\x7f\xa2s9iY\xc2y\x8dh\x82s\x84\xab\
IdTo\xc5\xc2\xa0\x02<\xeb\x97\x83\xa8\xecA\xb1\
\xed\xda&\xae\x13n\x89\x9f\xc7\xae\x93\x9e\xb9F<y\
\xd5\xd0$\xd7\xd0B\xba\x84W\x1bqxq\xcbI$\
\x16\xeeEY\xc7$\xed\x99{\xf4\x98\xbb\xf4\xd8{\xa4\
g\xee\x91V\xa75q\x9f\xf6\xd0}\xb2gy\xd1\xcf\
iunx@\xb8\xbf\x8d\x9c\xdac\x88\xca\xdaF6\
\xed\x16\xc4\xe7\xbeB\xcf\xf3*R\xca\xf6\xd0^<)\
8\xe7\xfd\xc8\xb1\x22W\xdc\x94\xdf3\xfb\xda\xcb;\xf7\
\x0bO\xaf\x8a\xca\xc7r\xf1\xa3r\xde;\xfb\x99\xe8z\
P\xb2\xe4\x81-Y\x19#k\xa9\x7f\xbc\xe4\x07\x87\xc6\
\x14#,\xbeT4]\x00\xe1}\x19=\x86\xf3e>\
\xf8\xf0\xe3Y~v\xcc\xc5\xbbW}\xb3\xd5t\xbb\xea\
\xfc\x17\x15\xac\xab\xf49u\xeb\x87Q\xa9\xfd\xf4\xe1\xdc\
R\xbb~\xf4\xf9\xf1\xd0O>\xfd\x14\x89\xe9\x15R\xe7\
\xc3\xf9\xe0\xcb\x02\xe3\xe9\xbb\xad\x94\x9c\x11\xd6*\x1cG\
\xaf28\x91sJ8&\xc4\xb8g? \xdb\x95Q\
Y\x83\x84\xdf\x8b\x86\xfdyU\xf7'\xb2=9v\x95\
4\x0e\xaf\x1b\xa4\xbbI\xa3\x90>i\x19\xbbEz\xfb\
\x16\xe1\xfe\xa6h\x93\xa4\xc2\xddtn\x1c\xa0\xfb\xd0\xcf\
]\x98f\x9co\xbcOx\xbf/\xf8\xd6\xd7\x03\xc1|\
\xcb8\x9d\x0b\xb4\x07:&\x1e\xa0\xb6\xef\x0a\xb2\xaa\x0f\
\x226g;\xe9\x90\xcd\x88H\xdbD:\xe9\x15T\xf6\
\x10\xce\xbb\x8e\x90\xfd\xd9-\x9a\x84\xb1_\xd5{\x12\x99\
\x15c\x82Y\xd6\xde\xd1iU\x88\xcd\xacE|6i\
\xf5\x9cf\xc4e7\x226\xab\x01\xd1\xe95\x88J\xae\
\xc0\xda\x94\x0a\xbaO5\x12s\x9a\x88\xef;\xe9v\xb5\
\xee\x87\x22\x0e\xe0:\x94S\xa7\xe6\xfb\x1b\xf18\xb7?\
\x89\xfed\xaa1C\x87\xbdi\xec\xf6\x85\xb7\x9bg\xe5\
x\x1e\x8c\xa7\x1a\xba\xf99vS\xeej\xfd\x8d\xfc\x96\
o\xbfE^q3\x16.\x8f\x11\x9b\x8b\xfd\xc8k\xd3\
Z\x08\xe7\x07P\xd6\xa5\xe7\x8dT\xb2\xef\x99x\x91\x17\
\xfb\xea\x8a\xdb\xf6\xe1\xe9eix1 \x1fEm\x87\
\xc5W\xd2<:)qz\xf6\x97p\xcc\xb2~\xe0<\
\x9d\x09GH\x97\x9f\x17\x9c7\xad\xbb-\xaby\x9d\x8e\
\xf56Z\xb95\x87u\x0d^\xb4\x0f5}\xd7\x08\xcb\
\x84\xe7q\xe6\xf4\x07\x84\xe7\xdb\xa8\xee;K\xafu\x04\
\x85\xcd\x87\x89\x8fO\x93\x9dx\xdd\xc0\xfd}\xb9_\x17\
\xe1\xbd\x83nWuN\x12\xe6\x8f \xa3\xf2\x10\xd2\xcb\
\x0f\x906\xd9/\xbe\xcaR\xf6\xf9KL\xf4\x18i\x92\
~$\x10\x96\xd3\x8b;\x91CZ+\xbff\x18\x05u\
\xb4\xeaGP\xd80*\x97|;\x9fV^\xf5 \xad\
!\xe4V\x92\xa6\xc9o\x11\x7f\xe3\x92\x80d\xb2]\xd2\
\xf1\xf2\xca\x04\x8cM\xec\x9cg\x8f\xce\xe7tx\x97W\
\xea\xb4g\x87\x13\xack\xd6\xb5\xcef=Y\xac\xf2\x0a\
Ug\xee\xb9\xdf\xbbp>\xe3\xd8\xa5[\x0c\x9c\x7f\xfb\
\xddw\xa8\xac\xeb\x16\x9cs\xce\xc7r:\x9b\xe3\xb2\xba\
P\xday\x0c%\x1dG\xe8\xf2\x08*\x08+\xba]w\
Z0\x9c[\xb7\x03O-IExz\x0f\xd9v\x97\
\x88\xe3/\x89\x8d\xc8\xfe\x10\xc6y;\xe9\xf7\xd2\xf6\xe3\
\xc8\xae\xdc\x8f\xda\xfe\xcb\xba\x167p.\x8b\xf4G+\
i\xf3.\xe2\xee\x8a\xces\x82\xf5\xf42\xb2\x07\x87n\
\x1a\xdcM\x1ae\xec\x06\x0ai\xaf\xe5\xd4\xefE~\xd3\
A\xe45\x1c@V\xddkd\xc7\xeeEq\xeb1\xb2\
\x1b\xaf\x09\xb7\xb7\x13\xde[\xc7\x08\xfb\xe3\xf4\xb8\xb1\xfb\
h]G\xbcO\xaf\x91Q\xc1\xf7;D\xef\x89\xf8\xbc\
\xe702\xca\x86\x90U\xde\x8b\x82\xda\x11\xe4\x11\xc6s\
\xab\x09\xd3t=\x97\xf0\x9cMx\x16\xec\xd7\x8e\x22\xaf\
v\x98\xf6D\xa7\xce\xef\xa9\xd5\xc4\xe5\xe5\x08&;\xfd\
e\xbf\x18,\x0eL\xc4\x0b\xcbb\x91\x9e\xd7\x80)\xae\
!\xf7\xc4\xe9\xf0\x12\xeb*:W!\xc7\xd5\x8e~1\
\x8b\xcb\x98\xeau\x13\x1f\xbc\xa60\x1f\xcc4\xee\xab2\
\xdb\xc2\x82/\x5cy\xb9_|\xf5\x95\xd4\x12\x89n\x09\
\xcf\x10\x7fZ\x5cv'\xe1\x9b\xf3\xbe\x0f\x0b\xce\xcb\x89\
\xd7+Y\xa7\xd3\xf9\xcf1\xce\xf4\x8aMxfi\xba\
\xc4+9\xf6\xae\xfb;\xd8\xc7\xa7\xe7\xe2\xb6\x8c]F\
A\x03qk\xd9^\xc2\xddMtn\xbc'6f\xf3\
4\xa7\xf3%\xd9\x9e\x84\xffv\xd2\x22\x9d\xc4\xc9\x05\x0d\
\xc7\x89\xdf\x8f\x12?\xdf7\xb0~\x17\x05M\x07\xc8\xe6\
$\x9bu\xf4\xbahv\xc6s#\xed\x91\xaa\xde\xf3\xc8\
m\xd8G{\xe05\xb2\x0b\xce\x1bX\xbfO\xf7\xbbK\
\x18\xbf'\x97m\xc4\xf5yu\x84\xef\xcaW\xc9\x0e\xd8\
O\xef\x85pL<]@Xfl\xf3J#<G\
\xa5Tbul1\xe9\x99\x22\xb2?\x8b\x11\x91TN\
\x7f\x7f\x1d\xd9\xa3-\x08\x89)\xc4\x22\xd2\xf0\xdc\xef\xe3\
\xd9\x97\xc3\xf0\xdc\xa2\x08\xbc\xb8,\x1aO-\x5c\x83=\
\xfbN\xe8\xb9\x8e\x8f\x1e\xcd\xca\x0fx\x02XW\xc9\xa1\
\xb4\xc3\xef\x1e\xe6\xe1Y\xcd\xfcQ\xe9\xfbe\xca\xe9P\
\xdf_\xeeg\x96\xc1>\xd6g\xe1\xfc\xe3O>En\
Q\x13\x16\xf9\xc5c\x15\xd7'\x04'!&\xbd\x05e\
\x84\xef\x92\x0e\x03\xe7\x9c\xfbj\xf8]\x1a\x89\xb3S\xcb\
6\xe2\xd9\x15\x99\xc8k\xdc-\xf1J\x97\xbf\xb1\xd1\xf0\
k7\x8d]BN\xddA\xc4d\xbf\x82\x86A]k\
\xb4\x10\x7f\xb7\x12\xd6[\x09\xd7\xadt\x9b\xf5x\xeb8\
q\xef\x18\xff\x8e\xb0N\xb8l\x1e\xb9\x85\xf2\xf6I\xb9\
\xde\xb5\xe1\x0d\xd1)9\xf5\xfb\xd02r\x13\xbd\x1b\xdf\
F\xcf\xc67\xd1\xbd\xe1-\xfa\xdd\x9b\xb4w^\xa7\xc7\
\xdd\xa0s\xe3(\xb2jv\xa1\x848\xbeq\xf8&=\
\xe7\x03C\xff\xdcG\xe7\xa67\xe8\xe7\xa7\x11\x996\x88\
\xb8\x9c\x0edW\xf4\xa3\xb0~T4\x0bszbn\
\x0b\xd9\xa5y\xe2S]\x1e\xac\xc7\x81W\xae\xce\x90\x98\
\x19\xc7\x108\xffx\x05i\x95\xe7\x96\xac\xc5\x0bK\xd7\
\xe2\xc5\xa5Qx\x810\xff\xdc\xe2\x08,\x0dH\xc4\x83\
\xd7\xdf\x99\xee\xc115\x1d\xff\x81g\xcdn;\xb7\x17\
\x8e\xb0\xeen\xfe\x8b[LLi\x96\xf344\x8b\x19\
\x15\x96XW\xec\xcdn\xd5W\xd2\x9d\x06R\xc1\xfa#\
#\xbf\xe5\xfd?\xfd\x19)\x99U\xe23\x0bb\x7f\x0b\
\xe9\xf3\xa8\x94:\xa9_(\x95uX\xf8\x9c\xedQ\xbe\
\xe4\x18er\xc9\x04\x9e\xf7\xcb&\x0d\xbf_\xfc\xd8\xec\
\xdb`}\xc0y\x87\x8cu\xd6\xf0\xf9\xc4\xe7kR7\
\x13\xce\xce\x09\x9eY\xab\xb4\x10\x7f3O\xb3\xcf\xbcv\
\xf0\x02\x9d\x0fgP;pIp\xde:F\x9a\x9c\xb1\
I\xbc\xdd8|Kx\xbdk\xc3\xeb\xe2c\xa9\x1f\xbc\
\x86\xee\x897\xd12|\x07\xd9\xa4\xc3\xd3+\x0e\xa0\xa6\
\xf7\x0az6?D\xf7\xc67d\x1fU\xf5\x9e\xa3\xbd\
\xf5\x1ai\xaa}\xf4\xde\xcf\xa0~\x88l\xe2Q\xdd\xd7\
SA\xda~Ul3\xf1w\x0fi\xf0Q\xc1\xb8\xbe\
F\x90S9H\x9a\x855\xcd\x00\xe1\xbe\x95\xb8\xbdT\
\xaf\xc7\x0eI!\xcc\xa7Jl\x98\xf7\xc1\x22\xc2\xf5\x82\
\xe5q\xc2\xe7/\x12\xe6\x97\xd1m\xd6\xea\xd5\x0d\x03\xd3\
T\xc3\xfe\x17x\xd40\xf0\x8d^\xb7\xca\x8d\x9f\xef\xeb\
S\xd4\xecf\xf9\xb7\x9a\xc5\xfc,\xd3\x18\xbf\x15\xaf+\
\x9e#\x9e\xfaBZ}~\x8f\x8cx\xc7_>\xf8\x08\
\xf1)ex\x99\xf49\xe3\x9c\xed\xd0\xb0\x98\x12\xc2\xca\
A\xe1q\xc6z\x19i\x18\xc6xY\xd7Q\xf1S\xa7\
\x96m\x22\x9cg\x11\x9f\xef\xd5\xfd\xd5\xfd\xa7\xf4Z \
\xce\x0f\xa7\xdb\x9c\x0bP\xd8|\x04\x11\xa9\x9bH'\x1f\
$\x0c\x13\xb6G\xef\xd0\x9e\xd0uKU\xefY\xd2\xdc\
\xfb\xe5\xf1\xb9\x0d{\x90Q\xbd\x03%mGu\x1d\xb3\
\x9e\xb9\xfc\x01\x9a\x86o\x8b\xad\xd9IXo\x1f\x7f\x1d\
\x9d\xe3\x0f\xd1N{!$a\x18\xcbV\xb7#0f\
\x10!\x89c\x84\xfbCh!\x9d\xd2\xb9\xe1\xa1\xbe/\
H'U\xf6\x9cEA\xf3!z\xfe\x83b\xc7rm\
Se\xd7i\xacNh!\xfbrD\xf0\x9d_?\x86\
\xc2\xc6\xf5\xc4\xf1\x03H+hCRv\x03\x12\xb3\x1b\
\x91Y\xdeG\xb8\x1fF<\xe9s\xae\x99b\xcc\x0b\xc7\
\x87\x12\xdfs\xac8$M\xb4\xcc\xe2\x80x\xc9\x83\xf1\
\x0b\xcd\x94\x1a\xa6\xdf\xbf\xf7']\xc7\x10.\xbf\xfb\xfe\
\x07\xa3\x7f\xa5\x0f\xf1n5\xe3K%\x07\xc4j\xee\x86\
\xe6y&\x8cr,\xc9\x84\xc3U\xecR+\xff\x92\xdb\
\x5c7\x05{\x94\xefW\xdb<\x88\x05\xc4Q\x9c\xbb\xc4\
1\x11\xee\x1f\x91W\xbbMjv\xca\xba\x8e\x88\xdf\x85\
1\xce\x98\xe7\x98zZ\xf9F\xbc@|\x9eS\xbfK\
\xe2F\x9c\xe3Zg\xc4bx\x1f0\xd6\x0b\x9a\x0ec\
m\xe6V\xc4\xe6\xee [\xf4\x9a\x8e\xf5uzl\xa8\
\xb4\xe3\x18\xf1\xee^\xd2\xd6\x17\x08\xd7\xb7I{\xdf\xa1\
\xe78O\xb6&\xeb\xed\xb3\xa2I\xbah1\xd6\x9b\xd7\
\xdd\xa5\xebo\x90\x86\xa7\x9f1\xa7\x13\xbf?\xbb\xb8\x04\
\xcf/\xab\xc0\xea\xa41\xac\x8a\x1f\xc5\xaa\xb8a\xc4\xe5\
nGq\xcbi\xfa\xfd\x1d\xc2\xfbC:\x17^\x97\xf3\
\x81_\xb3\x85V\xff\xf6\xb7\x09\xdb\x07\x11\x91\xdc\x82\xc2\
\xdau\x82\xf1\xf4\x92.\x04Gdaa`\x12\x9e\x0d\
J\xc7SAYx& \x15\x0b\x96D\x90~K$\
{\xb4\x0b\x19t\x1f\xce\xc5g_\x8b_\x18\xe1\x9d{\
!\xacN\xd7W\xa8\x9e\x0f\xc4\xbf_\xe4\x9f\x84W\xf7\
\x1c\x13\xac\x7f\xfa\xc578|\xea\xeat\xffx\x8f\xdf\
\xa6\xb7\xbd\x94T\xfd\xe7\xf0\xd27\xaf\x99\xf7\xf45\xe5\
q\x9bX\xb7\xea_\xe7\xce\xd6U\xe5\xf4{\x0f\xde\xc4\
\x8a`=\x97\x839jY@\x1ci\xf4f\xe2\xf0\xe3\
\xc4\xe5\x87%\xee\xc2\xfeE\xe6u\xf6\xa3\xb3>\xe7\x9c\
q\xc6ye\xffi\xe1}\xf6\xe3\xd5\x92~\xe1\x9c/\
\xce\x0d\xcf\xad\xdb\x8f\xe8\xcc-\xe2\xdb.l:%8\
g\xbc\xb5\x90\xc6('n\xcd\xa9\xdd\x83\x86\x81\xab\xa4\
O\xde@u\xe7E\xd2\xe5g\x84\xc7\x9bG\xae\x89\xa6\
\xe9\xd8\xc0X\x7fHX\xbfC{\xe8\xa6\xe8\x93\xee\x09\
\xc2\xfb\xc4C\xc1\xf1\xb2\xd0&\xfc\xd3SiX\x1a\xda\
Fx_Gk\x04\xe1I\xa3t\x86l@b\xc1.\
\xda[\xfc\xdc\xfaY\xd0\xc1\xe7\xc1\x86w\xd00t\x1d\
\x11)]H+\xec\xa5}\xbc\x0ek\x12J\xf0\xdc\x8a\
\x18\xfc:\xb5\x05/\x0c\x9f\xc5\xcb\xbb\xde\xc0\xcb{\xdf\
\xc2\xa2\x1d\xaf\xe3\xf9\xba\x9d\xf8\xe5\xe2(\xbc\xb8x\x0d\
\xd2J\xba\x91Y\xda\x83\x00\xc6\xbb\x0b\xe3\xd3K\xc7>\
\xe7\xees\xac\xad\xa4\xaaK>\xd3\x1d\xaf\x9d\xc5\xc6\x1d\
G\xe7\xe59\xba\xf9V\xbd\xb4A\xa1P\x9b\xe9\x11\x17\
v|\xf3\x0aX\xd74\xf7\xb3\xd0\xed\xd8\xb0V\x1a\xc6\
c_SE\xacw\xf5o\xc4\xcb~zL\x94\xf9\x9c\
\xeb\xe6\x0a\x1av\xe9\xfe\xc5v\xd6\xe8G\x85\xdb\xeb\x09\
\xc7\xcc\xe7/\xaf*D^\xd3\x1eT\xf5\x13\xe7w\x1e\
\x93x$\xd7'3\xaf\xd7\x0f\x9f\x11=\x1f\x93\xb5\x85\
p\xb5\x01\x99\x95\x07\x04\xe3\xad\xc4\xcd-\xa4Ej\x06\
&\x91M8\xaf\xe9\xbd(8L)\xde\x8d\x90\xb8!\
,\x0enBl\xf6\x06\x0cn\x7fKtz\x07qr\
\x07a\x9buIM\xdfu\xc1z\xafp5]nz\
\x97\xde\xdfQ\xfc\xf2\xc5\x1c\xfc\x97g\x88\x93\xfdk\x11\
\xb8\xb6\x1ba\x89CX\x9b\xbe\x09kR6\x22.o\
\x07\xea\xe9,\xe9\xa2\xe7a\xbb\xb6\xb4\xf5\x04Bb\xea\
\x11\x9b\xd1B\xdad\x04\x01dg\xfe\x9ax\xfc9:\
\x83\x16\x9f\xfe\x10\xab/\xff\x15\x09\xb7\xbfB\xc2\xad/\
\x10q\xf9c\xf8]\xf8\x14\x0b\xc7/\xe3W\xcb\x13\xc5\
N-$\xad\x93\x90\xd3hh\xf7\xb4i\x9c\xbb\xb0\xce\
\xbd\x95\x96\x05&J|\xf9\xd2\x95\xdb\xc8,\xeb\xc5\xa5\
\xeb\x0f<\xc7\x94\xe6\x7f\xa360\x0f\x98\xe7u\xc3\x04\
\x1bN\xe6\xee\x01\xe69\xe7\x9e\xe6%y\xf2\xc1;\xed\
\xf9\xaf\x14\x0f\x9br_\x13\xcd\xff\xfe\xf5\xbd\xf7\x11\x1a\
\x95#\x18\xe7\xfaP\x8e\xfd\xc5f\xb6\x8a\x9f\xa5\xb4\xe3\
\x08\x8a\xdbu?c\xdd\xd0idVm\x85_T\x0d\
\x0a[\xf7IlT\xd76\xc7%\xe7\xab\x98\xee\xc3~\
o\xe6\xf5\x02\xd2\xc7\x99U\xa4\xc3\xeb9\xe7\xf5\x96\xf8\
\x05\xd9\xe6l\x5cw\x83\xb4\xf3>\xf1\xb1\xf7l~\x8b\
\xf0z\x820\xd7\x83\xd5\xa4?\x16\xf8\xd7\xe0\xf9\xe5e\
h\x1d\xbd\x81\xbe\xcdo\xea\xfa\x838\xbfm\xfc\x01\xe9\
\xee\xab\xe2\x8ba\xbf\x0b\xf3z\xe7\xfa\x87\xe8\xdf\xf2\x0e\
\xca\xdaO!0\xba\x9b\xb4L\x19\x9e]R\x8a\x15k\
\xda\x10\x91\xb6\x01\x91\xe9\x9b\x11\x9e<A\xfac7\xed\
\x91\xd7\xe9\xfc\xb8\x84\xc0\x882\xa9\x0b\xcc(\xed\x93:\
\xa9\xa7\x96\xc5`\xc1\xc8E,\x9f\xfc+\xa2\xae|\x8c\
\xcc{_!\xeb\xc6'\xc8\xa0\x95~\xefk\xc4^\xf9\
\x08\xc1\x84\xff\xc5-{\xa5V<>\xa7Yl\xd9U\
Q\xb9F.\x10\xe1<,c\x1a\xef\x82\xff\xd0T\x89\
E$\x91\xde\xcf.\xef'[\xff\xa3\xc7sb\x9cp\
\xbb\x17s>\x95\xe2,\xaa1W\xab|\x18x\x9e\x97\
\xe41o\xc0\xc9\x0c\x17\xd7<\x08E\xaep\xf9^&\
6\xef\x91^?\xdc\xe3\x99sR9\x9f+\xaf~\xbb\
p5k\xf3\xe2\xf6#\x92\x03\x98[\xb7\x1d\xfe\xb1\x0d\
\x84\xffC\xa8\x1e8\xa5\xd7\x1e\xf7\x1c\x17\x1d\xcf}'\
\x92K7#2k@\xf2\x1a3\xaa\xf6\xa2\xb2\xfb\x02\
\xda\x88\x9f\x9bF\xee\x8ao\xbby\xfc\x0e\xed\x99\xa3\xb4\
\x0f\x0eH\x0c\x9f\xf9:2m#\x82\xa3\xfb\x89o\x07\
\xf1\xec\xd22<\xbd\xb8\x08\xb5=\x93\xe8\xdf\xfa\xb6\xf0\
:c\x9d\xb9\xbd\xba\xf7\xba\x9c\x0b=\x1b\x1fNk\x18\
\xd63\x83\xdb\xde\xc1\xc0\xd6\xb7\xc8V%M?|]\
\xb0\xbfdu+\x82\xe8\x9c`\xcc\xf3\xd9\xd24t\x03\
\x99\x15\xdb\xb1\x9cl\xc7\x88\xc4\x0a\xc2z/\x16\xad\x88\
\xc6Sk\xcb\xb0\xec\xd8\xfb\xc2\xe1)\xaf\x13\xb6\x8f\xbd\
\x8d\xff\x14\x94\x81\xff\xb82\x01\x91\x07\xef#\xf3\xf5o\
\x10{\xe3\xaf\x08>\xf4.\x9e\x0e\xd2\xfb\xa5\x167\xad\
'\x1e\xa8\x93<}\x7f\xa9\xbd\xca\x10M\xe3g\xf4\xfc\
`\xdf$\xf7\x1dN\xcamFc\xcf\x16\xfc\xf0\xc3\x8f\
3\xf3\x0f\xac\xbeU\x87sO\x95\xeb\x15\x14zL\xb8\
\xd3\xf9nu\x90\x07?\x8cj\x1f\x19\xbb{\xd5\xac\x06\
\xcf\xba\xcehj\xbao.\xe7\xbap\x8eS\x80|W\
\xc9\x08\x8e*$]rHp\xcc:<\xb3z'\x96\
\x85\x97\xe1\xbf\xbe\x18\x83\xb4\xca-\xe2/\xaf\xec9B\
\xbc~\x5c\xafA\xe68;\xd9\xa5\xe5\x9d\xc7D\xcfT\
\xf7\x9f%=\xbf\x1b%m\xa7\x85\xcb%>4~\x17\
U\xbd\xc4\xf7M\xfb\x08\xfb7\xd0\xbd\xe9M\xd26\xfb\
\x11\x1c;\x84\xd5\xf1\xa4'\x22z\xf0\xcf/\xe6\xe2\xa5\
\x80\x1a\xc2\xf2=\xf1\x1f\xb2\x8eo\xa3\xc5~\x15\xd6\xeb\
M#\xb7\x85\xd7\xf9\xe7\xdd\xf4\xb3>:\x17z7=\
D\x0f]\xe7\x9f\xf7m~[r\x1e\xd3+^C\xfd\
\xe0e\xe4\xd6\x1e\xc4\xda\x8c\x8d(%[umz\x0f\
\x96\x87\xa4#2\xb9\x06y5\xa3X\xe6O\x1a=\xa5\
\x19\xfeg?\x12<g\xbc\xfd#\x9e+\x19\xc0\xff\xfa\
\xf7O\xe3\xdf\xff_\xbf\xc1\xaf\xd3\xea\x91\xfd\xf0;$\
\xdf\xfe\x0ca\x17?\xc2\xb3q\xd5X\xe2\x17\x8d|\xe2\
\xf5\x8c\xd2.\xe2\xf3tce\x18\xfa=M4\x0cc\
=6\xbd\x0a\x09\xb9m\xd8u\xf0\x9c|\xc6\xf7\x1f\xfe\
\x0e_~\xf5\x8d\x91\xdb\xeb\xa5\x8e\xb1\xa8\x9fW\xae\xab\
\xb0\xc8\xa5\x87b=\xb6'\xdf\xba\x12\xd6m\xd6\x848\
\xad\xd7}d\xd4E_\xbev[j\xa2\xfdW\xa7\xca\
Z\xbe*\x11\xe1\x09\x95R\xa3VF\xbc\xcdu\x17\xcc\
\xeb\x91\xe9}\x08KnAB^/\xd9\xacM\x08O\
\xacD\x18\xdd\x8f{\xca\xadMoD|n\x17R\x0a\
\x87\x90U\xb5EtOf\xd5\x1e\xc9w\xe1\x5c\x97\xe6\
\xb1\xeb\xd2\x8b\xa8\xa4\xed\xb0\xc4\x82\x18\xbb\xf9\xf5G\x11\
\xc6\xf6d\xc2(\xd9\x93\xebIo\xd7\xe1\x9f\x9eNC\
r\xd1+\xe8\xdf\xfe\x8e\xce\xe9\xe3\xec+\x7f]p\xdd\
4\xc2\xf6)\xed\x11\x8e\x1d\xc9z\x88\x06\xd2\xe2\x9c\xeb\
R\xd3}\x19\xad\xf4\xfb.\xf1\xd1\xbc\x8e\xbeM\x8c\xfb\
\x87\x18\xda\xf6\x90x\xf8\x98\xe49\xae\x8em\x82\x1f\xe9\
\x97\xd5qe\xc8'\x9b\x94\xfbx\xfd*\x8e4>a\
=\xfe\xd6_\x91\xf6\xf0[\xfc&\xb3\x19\xff\xcb\xff\xf3\
\x0c\xfe\xf7\x7f\x5c\x80\xff\xbc:\x0b\xd9w?G\xca\xdd\
/\x10v\xe9S<\x9f\xd6\x8a\xc5+\xd6\x22\xafnD\
r\x06\x82\x22s\xa6\xfd/~\xd3\xda=]\xealS\
\x0a[\xe5\xec\xb8y\xef-\xec>p\x165m\x1b\xf0\
\xed\xb7\xdf\x9b\xd8\xa8\x0ef\xd6x\xd1\xcbE\x15Gv\
\xe6j)\xd73\xb9\xb1]\x95\xeb\xa7<\xfa\x91\xa6\x94\
l\xd2\x03\x87O\x93M\x1aK\xdfQ\x9a\xe8\x97\xe5\xc1\
I\x88L\xaa\x11\xffa\x05\xaf\x9e\xa3\xc8o\xd8\x89\xc4\
\xbc\x1e\x04\xaf\xcd\xc7\xd2\x80x9\xcb#\x92+\x10G\
gyRn\x13\xadF\xe2\xb2\x1a\xac\x89/!M\x9c\
G\xf7+\xa6\xdf7\x92V\xdeB\xda\xe5\xaa\xf0|m\
\xff9\xc9si',\xe67\x1c\xa7\xbd2*kM\
\xf28\x96\x84\xb6\xe1\xf9\x15\x95\xa43\xf6\xd2>p\xf9\
Y\xde\x94\xc5\x98\xee\xa1\x9fq>Km\xbf~\x1e\xb0\
\xef\xbc\xb0\xe1$q\xe7N\xc4em'\x1d\xbd\x1d)\
E{Q\xd4p\x1aM\xec\xaf\x99`\xde\x7f\x1d\xbd\x9b\
_\xa7\xc7\xde\xa7\xfd\xb9\x03\x81\x91\x8d\xf0\x0f\xcf\x91\x5c\
]\x8e\x15\xc5\xa4W\xe3\xa9\xe0L\x04\x1f{\x0fk\x09\
\xeb\x9d\xef|\x81w?\xf9\x8a\x1e\xbb\x13\xff\xd3\xff\xf9\
k\xfcSd\x01r\x1f|E\xfb\xe03\x84\x5c\xfc\x18\
\xcf'\xd6c9\xfd\xed\xf9u\xebh\xaf\x0c\xd3\xdf\x98\
\x07\xbf\xd0T\x03\xe3\xae\x1a\xc44\xdaK\xc5\xe2\xb3\xc9\
\xa9\xecGS\xcfVz\xedv\xec>x~\xa6\xd7\xa9\
fam\xa9\xce\xdc\xd3\xdc\xfb\x96\x95gy*\xd4\xae\
\xaa\xe6\x04+\xf56\x82\x17}\xddU8\x1djX_\
\xb42N\xb0\xee\xfa\xdeVE\xe6#\xb5p\x10)%\
\x83t\xe6\xd7\xd2\x1e\xc8\x9c\xee\x87\x11\x93V\x8d\xcc\xd2\
n\xd2\x01Cd\xa7\x8d\x10\xbeFQ\xd4\xc8y\x80\xa3\
r;\xa7\xaa_\xb4jxB\x19\xad\x064\x0e\x9cC\
\xd7\xc6{d_\xb2\xff\xfc\x1ei\xf8I\x84\xa7L`\
M\xd2\x18\x22R\xd6cU\xec \xa22\xd6\x93=z\
\x0d\xc3;\xfe\x05\x1d\xe3\x0fIw\xdfF5\xf1uy\
\xdby\xd2\xda7E\xa3\xb3\xefP\xfc\x8e\xa4Y8o\
 )\xffU$\xe6\xee \xbc\xbfBk\x07\xe1\xfd\x15\
\xd2\xe6\xdb\xe9\xfa\xab\xf4\x9eN\xd1\xf3\xb0?^\xcf+\
(i>\x87\xc0\xb5\xad\xa47\xf4^L)\x05\xed\xc8\
\x22,.\xf4\xa7\xf3l\xec\x1c\xc2n\x7f\x81\xe17?\
\x95\xcfc\xd7\xc9K\xf8\x1f\xff\xdf\x17\xe17\xb0_\xf4\
\xfa\x9ak\x9f\x22\xf0\xc0\xdb\xe2o\xe7\xdc\x81\xe2\xa6\x09\
dW\x0dH\xafI\xbfy\xbc\xce\xb7\xd7$\x96am\
Z\x0d\xd2\x8a\xbb\x90[9 k\xcf\xa1\x8b\xf8qV\
>\x98\xee\x93\xd1\xdc\xebu\xa7\xb3\xc8<\xf8\xdam\xd5\
F\x9b\xf4\xba\xb3\xf4\xf9h\xee\xe7\x83\xa9\xf4\xb5\xd3\xbc\
\xc5\xb9B_:\xfew\xf3\xf6},\xf1\x8f\x97\xfc.\
\x7f#>\xa2\xeb\xce\x14,\x0bJ \x1e\x8f\x13\xdfL\
\x5cV\x83p\x15c<\x8f\xbe\xeb\x5c\xc2t\x0e}\x8f\
\x9cO\x92%?\xd7\xf3]\xf5\x1c\xd81\xc2\xdb\x18\xed\
\x97\x0e$\xe4\x0c\xa0y\xe8\x92\xeeC\xdcH|\xdcx\
\x12\xab\x13\xd7!2u\x03\xe1|\x08A1\x03\xe8\xdb\
\xf2\x06\x86\xb7\xbfK\x9c\xfa\x00e\xad\x17\x90T\xb0\x17\
\xf1\xd9;\x09\xbf;\x85\xaf]xg[\x96y\xbei\
\xc8\x85u\xc29a<\x8eVV\xc5az\xdd\xb3\xb4\
\xd7\x8e\xd0c^\xa3\xfdwF\xe2Nl\xd7\xf2\xfd\xc3\
\x93\x06\x09\x939bKF\xa5V\xa3\x88l\xcc\xd0\xd8\
\x22\xbcH:<\xf8\xec_\x10~\xe5c\xb4\xbf\xfeW\
$\x1c\xba\x8f\xb0\xdd7\x91J\x5c\x1f~\xe5\x13\x04\x5c\
\xfa\x04/U\x8c\xe3\xd9\x97\xd6 \x8e\xf6py\xdb&\
\xa4\x16uL\xeb\x17\xee\xe3\xceX\xf73lz\xbfP\
~\xfe\x1a#\xefwP\xf2'_;2\x09w\xff4\
M\xb3\xafa\x14{\xe0\xd9\xcea\xf7\xe4\xdf\xd3\xd4\xfd\
\x9b\x8fa\xdd\xac\xdf\x8b\xa6\xd8\xb3H\xa5\xbeVi.\
\x0e\xf0\xd3\x8f?\xa2\xa4\xb2C|\xeb<\xb3\xc8\x15K\
\xe2>\xb9\xabc\xf2\xe9\xac\xaf\x91\xef\xab\xb0\x96\xf3E\
\xf4\xef/9\xaf\x85\xf4J1\xe9\x95l\xb2+K\xe8\
\xcc\xee\x22\xbe\x1bGi\xf3z\x94\xd0\xa5\xac\xe6\x09\x14\
7\x8f#\xbd\xb8\x87\xb4N\x17\xe1c\x03\xca\xdaN\xa0\
\xa6g\x12\xb1\xb9[%\xd6\xc9y`\xa5mgt\xff\
7\xe1\xb2\xa4\xe5\x14\xe1v\x07b\xe9\xe7\x89y\xbb\x90\
\x5c\xb8GtJa\xfd\x09\x83\xdb\x1f\xa0\x87x\xbd\x95\
l\xdd\xa4|\xda\x0b\xd9\xdb\x91\x9c\xbf\x0b\xe9%\xfb\x89\
k\x8f\xd2s\xdf@m\xefM\xba\xbcN:\xfe:\x9d\
\x15\x0f\xd0\xb1A\xf7\xcfGg\xae\x97\xbe\xd5lK\xae\
\x8a\xccCN\xf5\x10\xd9\xdcCX\xb0<\x16/\xd1\xfb\
\xf3?\xfaG,']\x1e|\xf3\x0bD\xdd\xfd\x06\xa1\
\xd7>\x83\xff\x99?aa\xfd\x16<\xfd\xf2\x1a,\xa7\
=\x92K\xfb\xb9\xace\x02\x09\xd9\x8dR\x8f\xe4oh\
t\xbfY+0\x22\x07\xe9t\xee\xe5Vs^\xcd\x00\
\x0a\xe81[w\x1f\xc7\xc6\x1d\xc7\xb0~\xdba\xe2\xf8\
\xf383yK\xea\x02<\xe2\xdd\xe9\x5c\x1a;\xf3H\
m\xf8\xe5\xad\xec[x\xc8i1\xf5K:\xb4',\
{\xad[\xe0\xfd\xaf\x7f\xfd\x0c\xc5\x15\x1dx\xc9/N\
|\xec\xae\xfa\xe0\x88\xf8\x22\xd1\xe2\xc9y\xcd\xb2\xb2*\
z\x11M\xe73\xf7:\xe2Y\x14aqEb\xa7\xf1\
w\x9a\x98S\x8f\xe8\xe42\xac\x89-D\x18\xed\x91\xe8\
\xa4r$\xd3c9\xff\x9b\xf3dc3\x1b\xc9\x9e+\
!;\xb6\x0f\x19\x15{\xb06s3\xea\x07\xaf\x13\xa7\
\xbf-\xfa\xba\xb4\xe5\x8c\xd8\x90\xa9\xc4\xe3\x19\xe5\x07%\
\xee\x99T\xb0\x9b\xb8{'\xed\x97\xd7\xd01vO8\
\x9d5L\xc7\xf8}\xba\xdf\x1e:k\xb6\x09\xefW\xb4\
]&[\xf0\xa0pz}\xdfM\xd4\xf6\xdd {\xf5\
&i\x9d\xfbb\x07\xb7\x8c\xde\xa7\xd7\x1b\xa3\xe7\xebD\
hL\xa1\xc4\x85b\xb2\x9aPH\xfbqmF\x1d\x9e\
z!\x18\x0b\xa2\xca\xb0\xac}/\x16\x8f\x9e\xc6\x92\xb1\
\xb3X\xdcs\x00/$\xd7\xe1\x99\x85\xa1\xb4\x1f\xd6\x22\
1\xbf\x95\xde\xe3\x04\x9d\x1d\xeb$\xd7\x97s\x05\xc4\xbf\
>+v\xca\x5c\xcf\xbd\xce2\x18\xeb\xf2\xb9\x0c\xd2\xdf\
\xcf=\xe0\xbb\xc8\xe6\xe6\xbc\xf7F4tm\x22\x9b\xf5\
m|\xf7\xfd\x8c\xad:5\xbf\x17\xbb\x17y\x03ph\
\xafjP\x8fcZ\xf5\xddP\xed]m\xd6\x97\xce\xe3\
9\xa2Y\xf4\xdd0\xe9\xe5\xed\xd22\xdf~\xf3\x0d\x86\
F\xb7\xe9\xbd^B\x92\xb1\x8a}\xed\xa1)\xc6\xec\x8b\
\x0c\x84\x13\x7f\x87\x93\xdd\xc5\xdf)sZ\x04\xe9R\xd6\
\xa2\x91\x84\xef\x05\xcb\x22\xf0lX\x1e\x9e\xcf\x1f\xc6\x82\
\xea\xedXP\xb5\x0d\x0b\xe9\xfaK\xe1\x85xiE,\
\xc2H\xbb\xb3\xa6I\xccj\xc6\xd2\xa0L\xac\x8anG\
^\xbd\x9e\x93\xce>\x96\xea\xee\xcb\xa4Wv\xd0\xf9p\
\x80p{\x95\xf4\xc59$\x10_'\x92NI\xca\xdb\
\x89\xa4\x9cWQ\xd7{\x15\xbd\x9b\xde\xa23\xe0\x0d\xd1\
\xe0\x99\x15\x07\x11G\xbc\x1eGZ=\xbb\xe2\x08*\xda\
\xaf\x12\xae\x8e\xd2\x99r\x0a\xf5\xfd7QM\x1c\xdf\xb6\
\xee\xbe\xa1y\xee\x12\xd6G\x89\xfbGH\xf34\x11\xff\
f\x8a\x0d\x9dV\xda#>\xc45)UxqI$\
\x9ey1\x14O/\x0c\xc33\x8b\xe8:q\xf9s/\
\x87cQP\x12\x9d5\xb4/\xea\xd7\xc9Y\x95Z\xd4\
.\x9f\x01\xeb\x15\xd1|\xa1\xb3\xf3b\xf4\xcbd\xda\x17\
.\x9c\xcbey\x1f\x12\xb3\xeb\xa5\xae#\xab\xb0\x09o\
\xbe\xfd\xbb\xe9\xfc\x98G\xb3\xf3\xdc5\x8b\x19&6\xfb\
g\xa8\xcc\xcc\xb5\xec/\xad\xd8\xa7\x05\x9a\xe7\x5c`\x9f\
\xd5\x8e\xaa\xf6\xd66\x99\xc1\xe3\xc2;\xff{\xf3\xad\x7f\
\x91:x\xee'-87\xe6\xd4I|0T\xe7\xae\
\x90\xe8|\xd1\xee\x9c\xcb\xfd\xeb\x85!x\xaet=\x16\
\xbd\xfa\x0e\x02N}\x80\xd5\xe7?E\xe8\xc5\xbf\x22\xf0\
\xec'\xf0\xdb\xf3\x0e^Hh\x949\x8c\xfc\xbds\x1c\
1pM>a\xad\x12E\xcd\xc7%\xd7\x859\x9a\xfb\
]\xa4\x16\xed\x17\x9cWu\xdd$\xad}\x9e\xf4\xd2i\
d\x94\x11\xbf\xe7\xbdJ\xf8\xdcI\xda\xe1<a\xfdm\
\x89\xa52\xe6\x8b\xc9\xfed[4\xbd\xf4\x00=\xf65\
\xe4\xd5\x9e@5=6\x9f.\x8b\xc8&\xa8\xeb\xbd\x81\
\xf6\xb1\xfb\xe8\xa3\xfb\xd6\xd2\xf5\xb0\xa4.D$W\xd3\
s\xf6\x22$\xa6H|&\x11\x89\xe5\xe2C,j\x1c\
'\xceoG\x00i\x9b\xa5\xabRh%\xc3?\x22\x17\
\x11i\xb5\x92\xeb\xc8\x5c\xce\xf9\x01l\xabH\x7f/\x99\
\xb5\x949+^\x9a1\x9d\x03\xc6\xbe\xac\xe4\x826\xa9\
mb\x9c'\x91\xde\x0b\x8e\xcc\x91Z\x17\xce\xa7c\xdb\
\x88{>\xee\xdcst\xba\x8a\xec\x91\xcc\xdc\xb39g\
R\xb1\xc7\x8b\xea|,\xd3\xd9\xa0\x16\xda\xdbS]\x92\
r\xad\xa8C\xed\x0e;\xfe\xaa9\xbc\xa1\xcf\xfe\x91^\
\xa4\xe7\xae !\xad\x9c\xce\xee\x18\xc9\xc9\x96YZa\
:\x97\xad \x1c\xa4\xe47\x93&i\xc0\xaf_\x08\xc1\
\xf35[\xb1\xf8\xc4GX}\xe1#\xa4\xdf\xff\x16\x99\
o\xfe\x88\xc4{_#\xfa\xca\xa7\x08\xb9\xf2%\x02^\
}\x80\x17\x02\xd3\x90@\x9a\xa1\xa0\x8e\xce\xff\xb8\x12,\
_U\x84\xcc\xca=\xe8\xdd\xfc\x10\x9d\x84\xf5\xa2\xa6\xb3\
d\x93^Ee\xfb\x0d\xe2\xe7kt\xfb\xbc\xe0\x9ey\
Z\xc7\xfa\x0e\xb2\x13\x8e\xd3\x19\xf0&\xf1\xfaCz\xdc\
\xdb\xa8\xa5\xb3 \x864L\x1a\xe9\x9b\xf2\x96I\xe2\xe7\
S(og\x7f\xfbM\xc2\xfd)\xc2\xe7i\xd2=\xf7\
\xd1O\x1a\xa9\xa2\xfd\x82\xe4\xf0\x86\xc4\x94\x08v\xc3\xe2\
J\xa7\xb9\x99q\xc9X\x96<\xf6\xda\x11\xb2\xb3\x89\x87\
\x09\xa3\xfc^9F\xcav6s?\xfb\x1a\xa3\xd3\xab\
\x0d\xdf\x8b\xcb\x8e7\xf0\x1ej\xe4\xc4\xd0\xe7\xb4:\xa6\
\x80^\xa3W\xea\xad\xb9\x96\x89\xfb\xb3/\xf5\x8f\x91\xf9\
L\xba6L\x97\xb9hKV\xc6\xa3\xbc\xa6\x1b\xaf\xbf\
\xf9\xee4\xcf\xfc\xa4\x84w\x98\xe7>z\xe2x\xab\xde\
\xe5fz\xd8l\xee\xadf\xd2\xa7Wqf\x9e\xea\x1e\
\x99\x83q+\xcd\xae\xa2i\x1e\xb9z\xf7LIm\xd2\
\xff\xc7\xf3p\x8d>\x19\xec\x8fd\x9eg\x1f\x0c\x7f\xb7\
OG\x96b\xd1\xfe\xdf!\xf8\xfcG\xc8 |\x07\x8c\
\x9c\xc4\x82\xd2qD\x9e\xfc=\x92\xdf\xfc\x1e\xf17?\
\xc7\x9ak_\xe0\xa5\xb4V\x04\x93\x1d[\xdc\xb8\x9el\
\xddZ\xd2\xcb\x05\xb4W\xd6KM)c\xb7q\xf0\x1e\
\xe1\xf1:*:o\xa0\xa4u\x92\xf8\xf38\xe1\xfe\x12\
\xe1\xee\x10\x0ajO\x92-\xb8\x834\xfb>\xc9Yg\
\xbc\xf7\x10W\xb7\x8c\xdc\x11\xfb\x95uL~5q:\
a\xbc\xbc\xed:\xe1\x9d\xf6K\x07]\xa7\xbd\xc3\xbc>\
\xb0\xed\x1d\x14\xd4\x1fAB^\x8f\xe8\x10\xceW\x8fL\
\xaa\x10\xcc2\xd6\x83\xa3\x0b\xc5\x8ed\x9f9\xd7Ks\
])\xe3\xbc@\xfc\xe8\xa3Rw\xca\x8fa\x9b#1\
\xb7I\xef\xff4\x87\xcfg\xb0\xce|\x1f\xb26\x1f\xa1\
\xd1\x05\xd2\x03-*\xb1\x09\xb1\xe9=\x08\x8b\xafA@\
x\x8e\xc4\xe9\x96\x07\xc5\xeb=d\x08\xf3\x8bV\xd0\x1e\
\x08JD[\xe7:\xfc\xe1O\x7f\x9e\xe9\xdb\xae9\xf4\
?j\x16\x1ch\xa7\xcf\x90\x8d\xbeHfX\xd7|\xec\
k7\xed;\xaf\xa4\xdf1\xf3>\xf9<5zet\
\xf4m\xc0\x22\xffDc.\x86>\x0f}Mb\x89p\
\xe0\x22\xb2c\x9f+\x1c\x86\xff\xb9O\x90p\xf7k\x84\
\xbdv\x1f\xff\xc7\xaf\xfc\xf1\x1f\xfe\xef\xe7\xf1\x0f+\xd3\
\xb0\xfa\xf8\xbbz\x8e\xc9\xeb\xdfcY\xc3v\x89\xc30\
\xd6\xd8\xb7\xbd2\x8c\xe3M\xedh\x18\xb8B\xd8}\x03\
-\xc3\xf7P\xd9q\x1dUdO\xe6\x11?\x97\x10\xcf\
3\x17\x974\x9d&\xcc_&\x8c\xbdJ\xb6\xf1.4\
\x0f\xdd\x16\xfd\xc2\xf9\x00=\x84\xf9L\xd28)\x85{\
\x91E\xb6l\x01qye\xfbM\xc1zY\x1b\xd9\xa6\
]\xb7\xc5'\xcf\xf7M/\xa3\xbdR\xda/uv\x8c\
\xd9\xcc2=.&\xbcL\xe7\xd5\xda\x94J\xfa\xdd\x90\
\xf8Y\x18\xdb\x05\xc2\xe3\xa3F=\xf5\x08\x9d/CR\
\xaf\xc4\xfbT?\x0f\xe6a\xddX\xfeR\xc7\xa1\xdb3\
\x01\xe1\xd9\xc8(\xd9\x86\x92\xb6K(\x22\xfd\xc5\xf1\xb3\
\xb4\xd2m\x88Li!~\xe7\xde\xd5\x09\xd2\xcf\xd7/\
(\x19\x0b\xc8V\x08\x89\xc8\xc2\xb5\x1bw\xdd\xd4\xaa\xda\
\xa8\xaf\xb6\x91\xd7\xaeAan\x85\x95\x86\xb1\x91\x93c\
\x8a[\xcd\xc3\xa5\xb7X7\xa9\xed\x82q\xe9\x9a1=\
\xb1e\xaf\xcch\x5c\x15\x91%>\xc8\x15\x84u\x8e7\
2\xe7\xbd\xb4,\x06\xcf\x96\x8c#x\xf23\xa4\xbe\xf1\
=\xfc\xd7\x9f\xc1\x7f\xf8\xcf/\xe3\xef~\x13\x88\x7fx\
!\x1c\xd5{&Q\xfd\xdb\xef\x10K\xbf[\xdew\x18\
\x8bW\xc6\x89\x0f>\x8b4{Ht\x11q\x5c\x09a\
a\xb7\xa1c\x1e\xa0\xbe\xef\x96\xd8\x97y\xb5\xc7H\x87\
\x5c%{\xf5\xba\xf8\x10K\x9b/\x22\x89\xb0\x9e\x90\xbd\
\x135\xdd\xd7\xd0\xb7\xe5\x1d\xb1gY\xbb\x17\xd3\x9e`\
_z5\xdd?\xb7\xea\x08\xe9\xe3\xe3\xf4\x1c7\x04\xef\
5=\xb7$\xee\xda8p\x8bl\xdcQ\xe1n\xe6m\
\x8e\x09\xb0\x96\xce \xbbt\x95ho=71:\xb5\
J0.\xabV\xc7y~\xcd\xa8^\x97W5$1\
\xff\xf8\xccz\xc9\x01x\x0c\xeb\xa13\x9a\xc6\x7f\xb5\xcb\
fM\x95\xd8BI\xeb\x05\x14\xb7\xd1\xbe\xed\x98D9\
\xbd\xcf2\xda\xbby\xb5\x87i\x7f\xb5aE`\xbc,\
\x9e9\xb9\x9ct|Hx\x06\xde~\xf7\xb7\xee\xf1\xae\
\xc0\xf1\xb0\xe8\xd7h\xa5/4\xab~Y\x0a9\xf1\xb6\
f\x5c\xdb\xecag5\x1bD\xd5\x17\xa9\xdb\xa8\x8ff\
\xca\xb2\xe9\xdf\xc1\xa3\xe7\xa4\xf6\x80\xe7\xbfq\x5c\x95\xb1\
\x9e\x90\xdbH\x9a`L\xea\xae\x9f)\x18D\xc8\xe4\xa7\
H\x22\xfd\x12y\xf4-\xfc\xdd\xd3\xc1\xf8\xdf\xfea\x11\
\x06w\x9f\xd2\x1f\xff\xa7\xaf\x11E\xbc\xee\xd7OX\xf7\
\x8b\x15Ne\xec\x84\xc7\x97ayH\x0e\xe9\x87.\xe2\
\xea\xeb\x92s\xdb\xbe\x8e\xe3H\xc4\x81\x8d\xa7\xc5G\xce\
6ju\xf7-\xe2W\xb2QK\x0e\x08\xb7W\xb4^\
\x94<^\xc1\xfaF\xd21Cw\x88\xd7\xf7\x90\xf6\xb9\
,\xfb\x22\xb7\xfa\x18q\xf3I\xd22\xd7D\x17\xf1\xbe\
(l8\x86\xa4\xfc\x1e\x89\x0b\xe4V\xe9\xfc\xccv2\
s8\xd7#I^\x8b\xc4\xcf2HW\xd5\xeb\xfa\xdc\
\xd0-\xae\xfe\x19\xbc\xd2K\xba\x11E\xda'@f\xa9\
\xce\xc7{\xfa\x1cn\xf77\xe6\xb6\xc6g\xb6\x92v\xdf\
\x82\xe2\xd6\xb3(n\xbf\x88\xa2\xd6\xf3t\xfd\xa2p}\
q\xcbE\xb2\x156\xc8L\xc0\xe5\x81qXE\xcf\xb7\
\x94>\xeb\x9c\xc2z|\xff\xc3\xf739\xeff5\x1a\
\xaa\xbdI\x159X\xf5\x1cpW\x9ba\xa7\x9f\x91\x93\
>v\x9a\xd3^\xd8n\xe7`Bj#O]\xbc\x89\
\xcf\xbf\xd0{\x86\x9f\xbdp\xcd\x98y\x94.3`X\
\xe3&\xe44\xa0\xa4e\xbd\xcc>zzm9\x02O\
\xfd\x09\xd1W?F*\xe1}A\xf90\xfe\xfd\xdf=\
\x8f\xf8\xe26\xfc\xcbg\xdf`\xf4w_\x22\xea\xc1\xb7\
X\xd1\xb0UfM\xe8\xda\x80\xf5r\xa5\xe4a\xad\x08\
\xab\xa4\xe7\xdbB\xfa\xfb\x0d\xf1\xaf4\x10\x07Wv]\
E\x8d`\xfd\x86\xac\xcc\x8a\xc3(\xaa?+\xbe\x96b\
\xb279\x97Q4;-\xee#\x90Su\x98\x9e\xf3\
\x84\xb1?\xae\xa3\xa4\x99s\x0b\xae\xa2m\xecu\xc9\x1b\
N)\xdeD\xf6k7\xe9\x96>\xbdn\xbaR\xf7{\
3\xd6\x0bXS\x15\xb6K\xde\x00c\x97}\xe6\x8cw\
~\x8f.\x8c\xf3\xfed~g\xed\xc55v:\xce3\
\xe7\xe5\xad\xcfp:\xe7\xc7\xf3\xcc\xbf\x88\x84\x0a\xa4\xf0\
\x8cU\xb2\x13\xd2K\xd6\x93\x8e9M\x18\xbf(z\xa6\
\xa8\xf9\x9c,\xb6M\xf2\xebO\xd0Y\xd9)5\xec\x81\
\xabS\xb0\x984\xfc\xae\xd7\x8e\xcc\xe5\xf6\xf9(\xd5l\
\xd8\x8e\x0a\xf9\x8bN\xf0\xe86\xffLs\x1e+\xf2\xe5\
}\xadj\xf2\x5c~\xc7+7\xdf\x90\xbc\xeb\xdf\xbd\xf7\
g\xe9\xc9+8\xe7>\xcb2\x0b&]\xce\xfa\xb2\xd6\
\x09\xe2\xf7f<\xbd(\x12/\x0f\x9eD\xf8\x95O\x11\
w\xf5S$\xde\xfc\x04\x81\xe3\xa7\xe17t\x14I\x97\
\xff\x82\xc8;d\x9bN~\x80\x17\x22\xcbH\x1f\x17\x10\
g\x8fI\xceLLZ-\x96\xaeJ\xc5\x0b+\xe2\xf0\
r@1\xfd\xec\x10q\xf0[R'\xd70pG0\
[I\xbc^\xd6z\x19\x19e\x07\xc47\x93Uq\x88\
\xb8\xf9\xa8\xa1\xd7\xdf\x12\xbc\x0flyW|\xf3i%\
\xaf\xa1\xae\xf7\xba\xe8\x9e\x0a\xd2\xfd\xb5\xbd\xac_\xde\xa2\
\xc7\x9f\x22\xac\x0f\x89O$!\xa7Ep\xae\xeb\xf5^\
\xe9\xfb\xc2\xb8\xe6\xfd\xc7\xf9+\xba\xad\xaa\xe7\xe7\xa6\x14\
\xb4\x89^g\xed\x92m<\x86\x7f\x16\xb8&\xdb\x0d\xaf\
\xcf\xc4\x92t\x9f{\xa6\xf0@\x5c:\xc7\xe0z\x88\xbb\
\xfb\x08\xef\xdd\xf4<;P\xda\xc1\xda\xfd\x1cq\xba\xbe\
\x8a\x9a\xcf\x12\xfe/\xa0\xbc\xe32R\x0b'\xe4\xb3\xf6\
#\xfbuMt\x0e\xfe\xfc\xc1\x07n\xf2\xc5`+\x07\
\xdd\x179\x90\xaa\xb9\xc2\x1egh\xc0^\xdf\x17_\xf8\
\xe1\xa1\xe0k\x9f2\xf8}\xe7\xbe3\xf4\x1du\xa0\xaa\
y\x9d\x9c\xc7r&\xaf\xd1\xb9/<\xbe\x18E\x0dt\
\xbe\xd7\x0eI\xbf\xab\x7f\x0eH\xc5\xcaW\x1f \xf2\xda\
\xe7\x88\xba\xfe\x19\xe2\xef\x7f\x8b\xb8{\xdf \xec\xe6\xe7\
\x08\xb9\xf2\x09\x16Uo\xc43/EJ.IQ\xe3\
:\xc9\x97\xe1\x1e\x89\xdc\x13.(2\x1fa\x09uX\
\x11Z\x8b\xaa\x8e\xb3\x84\xe37\xd1FZ\x86\xb5vy\
\xc7M\xe2\xbc3\xc8\xae>*\xb7Y\x9f\xe4\x10\xc7\xb3\
\xad\xe9\xb2OY\xc7tO<$\x9dp\x80p}\x1e\
u\xfd\xc4\xed\xdd\xd7\xa5\xbfW\xeb\xe8=$\x17M\x10\
\x7f\x8f *\xb5Vj4D\xb3\x13\x9f3n\xb9\xb7\
\x0b\xd7\xe0\xf1\xde\xe3^^+\x19\xa7\xe1:vCh\
_rO\x01\xe6\xfe\x94\xc2\x0e\xb9\xbd:\xa6P8\xdb\
\xbd~I7\xe2\x0f\xe9\x927\xb76\x95\xfb\x10t\x90\
\x9d\xd1\xad\xe3\x9dVZ1\xcf\xfb#\xbb\xbb\xf5\xe2\x0c\
\xdeE\xd3\xe8\xab\xb2\xeb\x0a\xd9\xcf[\xa5\xa6i\xc1\xe2\
H\x8c\xae\xdf>\xd7\x0f\xe9\x05\xd6\x1d\xcd\xfaR\xac\xc9\
3\xab#5\xc5\xa3\xe6\x1b\xac+\xcft\x84{n\xe7\
\x7f\x03\xeb\xf7\x22&\xab\x85\xbe\xa7V\xb2Ms$\x8f\
\x97\xfd\x8d\xccki\xc5\xed\xa4'F\x11\x9b\xdd\x88g\
\x16\x06\xe3\xe9\xc04,\xe9\xdc\x8f\xa0}\x0f\x11|\xfc\
_\x11t\xecwX\xbe\xf5\x1a\x16\xd0w\xfd\xd4\xc20\
,\x0eJF\x0e\xf7\xd6\x22\x5cq>$\xc7\x15\x97\xaf\
J\x16n\xcd\xaa\x18\xc4\xea\x84F\xf8\xafiFm\xd7\
y\xc1{\xeb\x08\xe3\xfd6\xf2H\xbb\x94\x90\xae\xad\xed\
\xbdM\x1a\xfa$\xe1\xef\xe0,\xac\xebxgM\xce1\
\xd5\xec\xcaC\xa8\xeb\xbb\x89z\xd2A\xdd\xf4\xbb\xa2\xc6\
\xa3H.\xec\x91\xd7\x0b\x8d)\xa1=Z\xaa\xf7`\xac\
\xe6\xde/}\x88L\xad&\x1d\xdf*\xd8\xe7\x1c\x07\xce\
\x1d\x10n\xe7^!!\xe9\x84\xd7j\xf9yX\x5c\xb1\
>\xbb\xdd\xc8Mw\xc7\xe7\xae>\x1als\xc7gw\
\x11\x8f\x93v\xc9e\x8c\x1bX\xcf\xef\xa5\xfd\xd5\x8b\xb4\
\xc2!\xe99VJ\xf6)\xeb\x19\xe6\xf4b\xb6]\x05\
\xef\xdc#\xf8\x12\x9d?\x83d\xc7GcuT\x16\xfe\
\xfc\xe1\x87\xb3jU-\xd4\xb8\xe6|\xce\x8a\x9d\xbaf\
\x15\x7f\xbc/\xb0\xea8\xbf\xc1F\x9d\xd2;\xbf\xfb#\
>\xfc\xf83\xdd\x0f\xf3\xcaQ\xb1\xe3\xd2\x8b:\x10\xc4\
\xbe\x98p\xbd\xa6\x92k\xef\x0b\xea\x86\xc4'\x1d\x93U\
'\xf3\x9b\x9fZ\xb8\x1a\xcf\xf8'\xe1\xb9\xf0\x02Z\xf9\
xfY4\x9ey!\x10\xcf/\x8d\xa4=\xd1\x80\xc2\
F\xf6W\x0f\x89F\xe6\xfa\xe4e\x84u\xce\xa7\x11\x7f\
\x1eq\xef\x9a\xe4f\xac\x8ch$\xbd}B|,\xac\
\xb7kzn\x92&\xb9&\xbc^P\x7f\x8a\x1eoh\
\x98Y\x8bosl\xb4\xa8\xe94\xca\x08?\x9c\xff\xde\
\xb1\xfe.q\xf58\xed\xaf\x01\xc9\xc7\xe1\x9e-\xecc\
t\xf5fd]\x22\xb6C\xed\xb0\xd1\xabq\x18\x91)\
\x15\xd2\xe7Hr\x15\x8d\xfe\x17\xc9\x05\xad\xfa\xdc\x10\x89\
\x87\xba|-\x19\x8f\xf7\x10\xe0Y\x96\xc4\xfd\x09\xb9\x9d\
\x82s\xce\xf5O\x22|'\xcb\xd2y=\x85.S\xf2\
:\x91^<L\xfb\xf0\xb0`\x9b\xb1>\x8dw\xd64\
-gP\xdc|\x86\xce\xa0:<\xb70\x14[v\xec\
\x9f\xa7\xdb\x1de\xbdz\xcc\xed\xf2Z\xaf;\xcc\xe9\xf2\
e\xce\x80\xe6\x05\xd6\xff\xf2\xd1\xa7\xe8\x1a\xd9\x85\xa3\xa7\
\xaf\xe2\xbd\xf7?D\xff\xc4k\xc2\x83)\xc4\x81\xc1t\
\xe6\xb3\xa6\xe4\xfeW\x9c\xebU\xc8\xf9\xbb\xb48N\x18\
\x96X*3\xaa\x17.Y\x83\x05\xb4X\xdf\xac \x0e\
\x8c\xcfm\xd2\xe34\x84s\xc9\xf9mX\x87\xb8\xacz\
\xd2\xebI\x88L\xae\x10\x9d\x90#\xbdBG\x11\x95\xd6\
\x8a%!\xd5\xf4|{\xc5\xef\xce\xb9/\xb5\xa4K*\
\xbbo\x8a\x7f\x85s]\xd8\x0f\xe3\xc2\xf8\xf4\xda\xfc\x96\
\xf4\x16h\x1e\xbe+uy%\xcd\x07\xe4\xbc`\x7f~\
*\xd9\x9e\x82S\xd2\x1f|\x9e\xb0\x8e\xe1\xb8\xa8\xee\x13\
r\xd9\xa9CF\x9e\x8cK\x8f\xa4\x8b\x9d\xca\xbd\xa9\x03\
\x8c\x1993\x1c>;\xf7%Cry\xf9>\xf1Y\
\xad\xc4\xe5]H\xa4\xb3L\xc7y\x1f\xed\x95~\xe2\xf3\
>\xa4\x12\xceS\xf3\xbb\x91J\xdc\x9eJ\xb7\xd3\x8a\xf8\
=\xecAI\xbb\x8b\xdb\xc9^m9K\x1a\xe74a\
\xfe\x0c}N\xfb\xb1,(\x15\x09\xe9e\xf8\xfa\xbb\xef\
\xdcp;\xd4\xea\x16|\x80u\xc0\xba\x1f\x8c\xe6$?\
\xe0\xb1\xd7\x98\xf2\xfa\xdc\xb1\x93\x1b\xadk\x18\x0d\xbf\xff\
\xc3\x07\xa8\xeb\xdc\x84R:\xff+[&\xa4/\x0ac\
\x86}nR{\xbdZ\xb7\xe3\x12s\x1aPT?\x8c\
\xd2\xa61Y\x8c\x9d\xcc\xf2\x1e\xe9\xfd\xc9\xb1\xf8|C\
\xb30\xce\xc5\x7f'\x98\x1fADr%\x96\x05\xa7\x1a\
\xb6\xe1:\x03\xefC\xe2\xf7`n\x5c\x19QM\xfba\
\x82\xb4\xccM\xb1Y[F\xee\x92\x969K\x1a\xe5\xaa\
\xe4E\xf6lzs.\xd6\xa71\xff\x0e\x9a\x86\xae\x12\
\xce\xd7\xc9\x1e\xe43\x84\xfb\xa5s\xee&\xf7F\x8fL\
*\x97\x9c\x16\xc67_2\xdes\x8c|\xc4\x04\xda\x93\
\xd2\xfb%\xd4\xa8\x916j/V\xce\xef\x05\x13:k\
\x19\x9c\x1e\x91T-\xf6gBN\xa7\x5c&\x89n\xe9\
\x17\xac'\xd2\xcf\x12s\xda\x91B\x7f\x97\xe0\xbcpP\
\xb8=\x97{\x0a\x0b\xaf\xb3/R\xc7y\x11qza\
\xd3I\x94\x12\xe7\xa7\x14\x8ec\xd1\xcaX\x9c\x9f\xbc1\
\xcd\xed\xcasR\x1f\xc3\xfa\x94m\xbc\xdb\xd10N{\
\xa8\xfbR_\xa9b\xdde\xfb0\xb7\xef<p\x8ep\
\xbe\x19U-\xeb\x89\x7f:\xa4\xdfU\x1ei\x01\xce\xe9\
\x0d\x5c\x93\xa1\xcf\x04\x0a3j\x89\xe9rmZ%a\
\xa6\x9f0?*=@y\x15\xc8\xe5:\x1d\xe7u#\
\x82\xef\x5c\x03\xeb9\xb4\x1f\xb8\xcf\xed\x0a\xc2IJQ\
\xa7\x1e\x97\xac\xe8\x17\xac\xeb\xb9(C\xc8$N\x8eJ\
m\xa7\xb3\xa2\x9b\xce\xfb#R;\xca\xbda\xd8/\xd9\
\xb3\xd9\x1d\xce\xdf\x94\xc5\x1a\xbe\xb8\xe95\xf1\xa5\xeb\xaf\
=*\xf97~!:f9W-Cj\xaa\xf4|\
\x80\x9cj\x1d\xe7|\x19N\xbal\xda\xc64j/\xdc\
a\xdco\xde\xe2\xfd\x11\x9f\xddN\xba\xa5[\x16\xfb\xf2\
\x99\xd3\x93hqmWq\xe3N\xda\xcf\xdb\x91Q<\
B\x1c\xdfOx\xa7U8@\x9f\xed\x102\xca6\xd0\
{<\xa0\xf3z\xab\xaea\x0a\xc9~e\xdc\x97\xb5\x9d\
$\xdb!\x1fU\xf5=ss\x7f-\xbem\xa5\xde\x8b\
6j\xb0M\xfbK{\xc2\xba\xf6d\xfc\x88\x8e\xd4\x9b\
I\xec\xed\xd3\xcf\xbe\xc0\xad\xfb\xef\xe0\xe8\x99\x1b\xd8\xb6\
\xf7\x14:\x86vH\x9d\x06\xd7\x1c\xa4\x10\xde\x03\x8cY\
\xeb\xac\xdd\xc5\x0f\xc9\xda\x960\x14O\x1a\x9c\xf9\x9b\xf5\
\x00s&\xeb\x16\xe6uY\xb53\xfdA\x19W\xabH\
;\xfb\xf1\x9c\xa5\xe2.\xc99d\x8e\xe7\xfa\x06\xe9\x19\
\xca\xf9\x90t\xc9\xbfK\xcckGDJ;\xd2J\xb6\
K_^\xe6t\xees7\x9b\xd7{\x5c>\x19\xce\x81\
\x5c\x7f\x9fp\xb5\x99\xde\xeb\x90\x9e\xfbB\xfbhUT\
\x81nsr=hp\x0a\xed\xa1*\xd9\x8f\xb9\x06\xd6\
\xf9=\xb1\x8e\xe7\x18\xaakO\xe8\x9c\xae\xf3\xba\x9f\x1b\
|\x0b\xdf\x87\xeas\x5cC\xa3K\x84\xc7Y\xbb\x88N\
\xcf3tz^\x9f\xcc\x83\xec\xddz\x0f\xdd\x9b\xee\xa0\
c\xe2\x06\xd9\xcdgQP\xbb\x03\xe9%\xa4\xad\x0a\x06\
D\xc33\xf6\xb3\xca\xb7 \xbf\xfe\xb0\xce\xeb\x82\xf7\x93\
(\xeb8'~\xf9\x80\xd0\x14\xfc\xf6\xf7\x7f\x98\xa7c\
\xec\xcd~T\xf5\xc9hN\xf5\x87\xf63\xda\xa66\xe7\
\xe8\x98\xe6\x09\xcc\xfa\xf7\xe9\xe7_\xe1\xca\xad\x87\xa8j\
\x9d@VY/\xf2\xb9\xe6\x22\xadZ\x9fi*92\
:\xde\x19\x1b\xab\xc9\xce\x94\x1c*\xe1q\xda\x1b\xbc\x04\
\xe7#\xba^\x17\xfc\x8f\xc8}\x04W\xab3\xa5\x96-\
,\xbeLr\xa92\xcaz\x84\xdb\xb3\x8d8\xcf\xda\xd4\
\x1a\xf1\x13r\x1c3\xa5\xa8\x0fq\xd9\x03('\xae\xe3\
\xfeI\x5c\xaf\xd1k\xe0\x9d\xb1\xdem\xf4\xcbh\x1a\xba\
,=\x02xf\x00\xc7HY\x83s^\x8aKg\xb3\
\xed\xc9\xfe\x18W\xcd\x10\xfb\xdb\xf9\xbeit\xbe\xb8j\
-\xdcc{.\xceu\xac\xa7\xc9\xdeY\x93X\xa5k\
\x95\x5c\xb6I{E\xab3\xee\x8b[\xf6\xa0\x9bp\xde\
\xb9\xf16\xba7\xdfF\xcf\x96\xbb\xe8\xdd\xf6\x00\x8d\xb4\
gKH\xb3\xe4\xd5\xef#\x9d\xb7\x914\x0dc\xbe[\
\x9e#\xb3\x9c\xf6i\xfdQz\xecY\xe2\xfaS\xc4\xed\
GH\xb7\xa7\xe1\x95W\x0fL\xe7\x85if\xdcn\x03\
\x07\xbe\x8a\xed\xd8\x9d\xa1gV\x9fa;N\xe4e-\
*\xf7\xeey\xf0\xd6\xef0\xba\xe5 \xcaH\x83\xf3\x9c\
\x94<\xae-\xad\xe8\x93\xf3>\x9d\xf8\x96}o\x5c\x83\
\xaa\xe3}&\xb6\xb2:\xb6P\xaf;#\x1bT\xecV\
\x03\xeb.\xcd\xe0\xf2\xef\xb1\x0f\x9a{\x98'\xe66\xeb\
92\xacajf\xb43c\x9ec\xf2\xfe\xe1\xb9\xc4\
\x91\x1d\xa2\xe9Y\xff\xc7fu\xa1\xa2\xdd\xb0O7>\
\x9c\xa5]\xf4<\xdf\xea\xae\xa3\xa2_\xb8.\xc4\x85_\
\x7fW\xae\xd6\xb4\xbdY(5t\x9c\xff\xa5\xcf\x8a\x19\
AlF\xbd\x9e\xb7l\x89\xf3\xd9\xbc\xae\xf7=\x8aN\
m\xd4\xb1\x9e\xc71\xa3>\xc3\x0f\xd3'\xfd[\xbb\xb6\
\x10\xd671\xce\x19\xefw\xe8\xf6]4\x8e\xde\x14\x9f\
#\xc7\x95X\xaf\xe77\x1c\x91>M\xec\x7f\x17\xdfd\
\xfe\x00}\x1e[H\xb7\x1fEE\xe7Y\x84\xc6\xd6!\
3\xb7Jr\xdcg\xe6,)\xcc\x8e\xb4\x99\xbb\xee\x08\
\xeb\xeefchO\xde'c:[DS\xb5K\x81\
7\xdf}\x0f\x1d\xc3;Q\xda0\x22\xf9\x22\x8csY\
\x92\xf7J\xd8%\xfb\x91{e\x08\xc6\x0d\x9c\xaf4\xf4\
\x01\xe7B\xf2c\xc4\xdfb\xf0:s\xbc>\xafB\x9f\
A\xc4z\x99\xeb\xd4t\x9cT\x89\xe6q\xe1[\xf8\xd6\
\xb0\x17\x19\xdb\x91d\xf3\xad\x8a*$\xdb\xb8W\xf6\x03\
\xeb\xfaT\xd2\xbdM\x83W\xf5\x5c\x01\x03\xef\xdc\x0f\xa6\
\x97\xb8\xbd\xb4y\xa7\xd4}\xbbrY\xc2\x0d\xdf\xb8\xf8\
\x0a\x0d\xbf8\xe7\x03p\xadI\x86h\xa6A\xd1/\xab\
IG\x89\x0f\xdd\x83&\x9f\xcf\xe9~\x86~\xe1\xfb\xc6\
e\xb6\x89>g|'\xe61\xbf\xf7 !o\x10\xb5\
C\x17\x88\xd7y\x8e%a}+\xe1\x9c\xb0\xdeIX\
o\x18\xb9A\x18\xbfH\xcb\x15G\xba y2\x05d\
\x93\xe6\xd6\xbeF{p\x93\xee\xbb!\xbe/\xaa\xdfK\
\xfam\x1b2\x0b\xbb\xf0\x85\xd1Ki\xca\x0a\xdb\x9au\
O\x01o\xb1\xaeY\xf5\xc8}\xc2\xfeu\xb7X\xb7Q\
\x8f\xe7Z?\xfe\xf8\x13~\xf8\xf1G\xd46\x0f\xc8\xdc\
\xce\xd0\xb5y\xc4\x85\xf9\x08#\x1b/:\xad\x8e8\xac\
\x93\xbe\xdbv\x89%N\xfb\x9c\x8d\x5cA\x8e5q\x7f\
\x94\xb5\xe9\xb5\xd2\x07\x8e}7\xac_r\xa5\xef\xc0 \
\xf1\xfc\xa8p\xb9\xbf1\xa7\x82c\x91.\x9f7kg\
\x97_\x84q\x9a\x94\xdf&}\xfe\x03\xc2\xb2\xa5\xefL\
BV\xa3\xe8\x1b\xf6\x8d\xe7ToB\xfb\xd8]\xd1\xed\
\xcc\xe9\xfd[\xb86\xef\x0e=\xff\x84Q\xbf?,\x9a\
Kj\x88B\xd2\xa6\xf3\xb1\x5c6&\xe3=\xc3\xe8\xfb\
\xc1~H\x7f#\xf7\xdc\x1c\xebi\xb3\xf4K\xba\xde\x8b\
\x9d\xf6yBv\x07i\xf3^\xe1t\xc6{|N\x0f\
\xe2\xf3F\x88\xbf'\xd1\xb3\x9d\xb4\xfa\xd6\xdb\x84\xf3\xdb\
\xc4\xefw\xd0\xb6\xe16*\xba.\xeb~\xc66\x1d\xe3\
E\xe2W?K:\xfd\xac\x5c\x16\x90]\x9aW\x7f\x88\
\xb8~+i\xac\xad\xf4\xf7\xeeA]\xd7!\xc2\xfaw\
sk\xb15\xeb3\xdb]\x9d\xb3Og\x87\xfa\x80\xd3\
}\x82u\xcd\xee\x9cX]\x0f\xf2\xbf\xc3\xc7\xcfK\x7f\
\xc7\x15\x81\x5c[\x90H\x9a1^\xfc_q\xd9\xfd\xc8\
(\xdf\x84\x98\x8cV\xb1\xf9f\xb0\x91\xaa\xdb\xab\xacm\
\xc2\xb3\xa4.!\x90\x16\xc7\x1c9\x9e\xe3\xc2:k\xe3\
\xb8\xccz=6c\xe4\x9f\xb0\x7fR\xe7\xf6\x81i\xbf\
\x88\xf8 \xe92xm\xa1\x91c\xa2\xc7v\x12\xb2\x9b\
\xf5|\x16\xe2\xfc\xa2\xc6\xddz\x9f$\xb2U\x07\xb6\xbe\
\x8d\xd6u\x93\xd361\xbfV\x5cF\xdd\xf4^\x9c\xbd\
d\xae<\xbdG\xce\x89\xe1=\xc5\xb5C\xd3\xdc\xaf\x88\
u\xd6\xfd<\xeb4`M.\x12st\x1f#\xc7I\
\xe3\xb3\xbb\x11\x973\x80\x98\xaca\xd4\xf4\x9fA\xdf+\
\xf7\x05\xeb\x8c\xf3\x0eZ\xd5\xfdW\xf5xi\xfbE\xc1\
\xbapz\x8b\xee[/l>#\xdc\x9e\xdfx\x02\x05\
\x8d\xc7D\xdb\xe4\xd7\x1dDf\xe5nT\xb7\x1f\xc0\x97\
_\x7f7\xb7o\xd8\xec\x19\xa9&s\xab\xe7\xf6\xd7\x82\
O\xf3P<\xd5t:\xf6\xc3h\xde\xe5u\xa9\xce\xef\
u\xd5#\xbd\xff\xa7\x0fd\x0e\xed\xb2\x80\x04\xf8\x87\xa4\
\xc8l\x8d\xa5\x81q\x84\xf3!\x94u\x5c$n\xdd.\
\x9a4(\x22\x7f\x16\x17\xa6M\xc7\xd0u\xacg\x91\xbe\
\xc9\x92s\x9e\xb1-\xb3\x88\x98\xb7+\x07\x88\xcb\x8b\xa7\
\x1f\xc3\xfd\xde\xa5\xe6sZ\xc7\xcc`\x9d\xe3\xb5kS\
\xaa\x8c=\xa4\xe7\x112\xc7\xa7\x10\xdf\xf3\xfdY\xd3\xd4\
\xf6\x9e\x16\xed\xde\xbf\xf5\x1d\xba~\x84\xf6\xc1\x80\xe8,\
\xb6)\x98\xd3\xfdC\xdda]\xdf7\xac\x87\xc4&0\
\xf6\xd2\x1c\xdfy\x88{\x8c\xbb\x16\xcf\xf5]\xc2y\xfd\
\x91\x05\xba>'.\x8f\xcd\xec\xa0=8Av\xf4\x04\
\xa22\x06P\xd9}\x0c\xfd\xaf\xdc\xd39}\xf3\x8cv\
q\xc5J\x8b\x0c\x0dSd\xc4K\x0b[N\x11\xd6u\
\x9c\xe7\x11\xce\xf3\xea\x0f \xafn\x1f\xb2*w\x09\xaf\
O\xf7\xc8\x9b3\x17\xd8\xbc\x9f\x80\xdb\x99qNmG\
\x93\xfe3N\xb1\x0eo}\x8e\x1a\xdc\xce\xf7\xb3\xf2\xbf\
\xb8\xb0\xde\xda\xb5Nfk\x04\x84\xea\xf9\xea<\x9f9\
:\xa3\x07\xe5\x9d\x97\x89s\x0eI\x8c\x84\xbf\xdf\xd0h\
#O\x84\xb1(8\xd2\xedS\x97\x9d\xaa\xe7\x00\xeby\
$\x9ckU\xc0qS\xc2\xf0\x1cm,Z&]f\
\xb4\xe4\xd5\xeav\xabK\xc30\x0e\xb9\x9e\xcd\xdf\xc8-\
\xe7}\xc4\x18\xe4~\x15\xacO\x04\xd7d\xb3\xb6\x8ep\
\x9f\xa5\xbb(n\xdal\xd8\x14\xa3\xd3\xba\xc4\x95w8\
\x1f\xeb\xab\x22s\x08\xeb}\xe2\x93\x99\xe6\xf4\xf9q\xa2\
\xf9X\x0f\xd1\xd7\xb2\xa0$\xa9_a^\x0f\x8e\xe2\x9e\
\x22\xbd\x84s\x8e\x9dmB#\xd9\xa3\xe9\xe5[\xb06\
\x93\xec\xf3\xc6\xbd\xe8\xd9vGl\xd3\xf6\x8dwP\xd1\
sI4\xba\xae_\xce\xcb\x12\x9fz\xeb\x19\xc9\xf7e\
?cA\xe3q\xe2\xf3\xa32[*\xafn?\xfd}\
\xfb\x90Y\xf5*\x9a\xfb\x0e\xe3\xfb\xef\x7f\x9c\xe1\xf5\xd9\
3R\xa1\xdeS\xda\x97\xbe\x11\x8f\xb3\x22m\xf2\xbaS\
\xdbt\xfe\xbc\xa4\xc7zixx\x7f\xae:\xa4\x07o\
\xbc#\xb5\xd3~\xabR\x04\x83<k<2\xb9U|\
`%m\xe7\x90Q\xb1\x09I9]H\xa6\xef7!\
\xbb\x0b\x91\x89\xd5Rk \x9a84c\x9e.\xd6\xe3\
\x8f\xbc_\x18\xb3\xacU\x18\xa31\xa9\xd5\xf4\x1a)\xfa\
\xfd\x0c,\xf1\xe3\x18\x9fl\xcb\xba\xfaLH>Vt\
\xc1\x1c\xbd\xedo\xd4\xef\x87\xc7\x95\x8a\xcd \xfe\x1e\xc2\
{Q\x83\xa1\xd3Y\xc3\x90M \xf3\x8dB\xf4=\xe2\
?\xab\x16\xd4e'\xb0\xb6b\xbba\xa5\xe1w\x9f\x13\
/\x0a1x=$\xdd\x98C=\x83s\xf6\xd5,\xa6\
\xf3n\xa9\x81\xf7\xd5\xb1e\xb4\x7f7\xa3\xa8y\x0f\x1a\
\x87\xcf\xa1\x8dg\xa0\xd5\xef\x22\xacs\x7f\xc0M2\xc3\
\xb8c3\xcf\x85\xbaA\xba\xe5\x82\xcc-.\x11\x9c\x9f\
\xd3c\xa5\xb3q\xde|\x9c\xb0~T\xfc\xec\xcc\xe9\xb9\
\xb5\xfb\x84\xd73\xabv\xa2c\xf8\xa8\xc4Mgx]\
\xad\xf7\x9d\x19\xb7\xfb,\x7f\xf6\xe7\xf6\xc1\xa8\xd6\xca\xc2\
\xb3\x0f\x86k\x92j\x9a\x06\xb0pY\xb4hi\xeeQ\
\xcd\xfd\x18\x8b\xdb\xce\xcaY\xcb\xfaQr<$GU\
\xb7\xc5\x98\xe3\x13\xb2;\x09;e:\xb6Cfc'\
\xcd\xb0Yu\x9c0\xbex%d\xd5\xe9>@\xe3w\
+\x8d\xb8\x0dk\x1e\xce\xb5b\xbd\xcd\xfa\x82}2\x8c\
Y\xbf\x90\xb4\xc7u\x88\xc4p\x0a\xf5Zh\x8e\xf5\x1b\
\xfb\x83m\xd2\x0c\xa9%-\x98\xa3_f\xe7\xb1\xf8I\
\xaf\x8c2z|\xfet\xec\xc8#\xa7\xbb0n,\xc6\
\xf7\x92\xc0D\xe1\xf6\xc5\xfeqt.T\xa0}\xfdE\
\xb4\xad\x9fD\xcb:\x9ey3\x89\xf2\xf6\x83\x88&\xbd\
\x1e\x933\x82\xaa\x9e\x13\xa4a\xd8\xcfx\x1d\xa5\xd3X\
?'uJE\xad\xa7\x09\xe7\xa7t\x9c7\x11\xce\x9b\
\x8e\xa2\xa0\x81q~P0\xce9\x04y\xb4\xd2+\xb6\
\xa3w\xfc\xf8L|[\xa5\xf6\xf4\x09c\xce\xac\xde\x0d\
?\x03\xd6a2\x0f\xcf\x8c\xd7]\xbd\xa9\xb9\xaf\xe3\x22\
?\xbd\xb7\xc3\x8a \xeeQ\x9d%<S\xda\xa1\xd7\x8e\
\xf1l#=\xcf\xa3O\xfc\xc03y\xab:\xe6\xa3\xd3\
\x9a\x10\xb4&\xc7\xd0\x04\xe9\xe2\x97\x99\xc6\xb3\x0b\xf3\xa1\
i\xa2\x1f\xb8>\xcd\xe5\xb3[\xe9\x8aA\x1a\x9aF\xfa\
FJ\x9cg@\xf2p\xd8?9\x93g\x98>\xcd\xef\
\x8c\xf7\xc4\x9c&#nd\xf4\x1d\x22\xecs\x9e\xee\xca\
\xe9\x9e\x5c\x19n\xf2\xb5\xd2u\x7f\xa9\x87<\x17\xbfy\
8\x9f\xd1.\xc9\x82s\xe6t\xce\xd1d\xac\xaf\xa6\xf3\
\xa5u\xfc<\xf1\xf9\x05Y\x9d\x1b.\x92\x8e9\x8d\x84\
\xbc1D\xa5\xf7#\xbbz\x87h\x98&\xc6:a\xbc\
\xa4\x9d\xceG\x17\x97\xb7\x9e$\x9c\x9f\xa0e\xf09\xe1\
<_p\xbe_|\x8f\xb95{\x08\xeb\xbb\x91V\xb6\
\x15\xfd\xeb\x8f\xcd\xd2/\xea\xbdc~\x96<\xc3\x9f\x99\
\xd7\xcdlUX\xf8`]~\xf5\xf6\x9eq\xbc\xb88\
\x82\xbe\xef\x14\xe9W\x9a\x987*\xfe\xb1b\xf9\x8e&\
\x85g$\xf6]\xd0o\xe0\xddXy\xbdF\x5c\x9c8\
>\xa7\x1b\xa1d{\xf2~\xd1\xb1\x9e:\xadeV\xce\
\x8a\xbf\xcc\xf4\xfd\x9c\xf1\xe1\xb9p&=\x8a\x92\xca\xc9\
\xf6\xec\x13;36\xa3Vt\xbf\xff\xac~Cr_\
\xd2\x13\x1c\x17\xca*\xef\x91}\xc1\x8b\x1f\xa3\xf7\xe0\xcb\
x\xbcO\xd1\x1cL[\xf0\xb9K\xa7\x1b8_N\x9a\
kI@\xa2\xa1\xd3\x93$\xf7~\xb1\x7f,\x9d{\x15\
h\x1d\xe3\x19~\xc4\xe9\x13\xae5)\x9a=*\xa3\x0f\
q\xb9\xa32\xe3\xb5u\xfdM\x94\xb5\x9f\x13\x9cs<\
\xb4\xa8\xe5\x84\xaeY\x9ay\xc6\xc8\x11\xb2\x83\x08\xe7\x0d\
.\x9c\xef%^\xd9M\xfbv\x17\xe1\xfdU\xa4\x96n\
F\xdb\xe0A\xfc4\xf5\xc8\xc8Y\xb27\xbb\xfd\x89s\
\xac\x17\xbeux\x91\xf7eY\x93\x01\xf7uH_|\
\xf9\xa5\xcc\xb3\xe2\xfag\xee_\x12\xb4&\x1f\x85\x8d'\
\xe8\xfb\xd1\xed(\xc6:sTrA\xaf\xd4\x94%\xbb\
rVg\xad\xa4im\xd3KZ\xa5\x5c\x9f\x9f%X\
N\x9d\xe5\x97N\x9d\x83\xfb\xb9\xf6\xdf\x0c\xce\xd8w\xcd\
\xf9a\xe2\x03'-\xa3\xeb\x0d\xd7y1\xf7\xf1\xdc\xef\
\x221\xa7Q\xfa\xab\xb2?\x9f\xfb\xa2\xbb\xec^\xb7X\
\x7f,W\xd1\x93_}\xc6&\x9d\xb1G\x93\xe4:\xf3\
\xfa\x22\xd60\x89\x95\xa4_.\x0a\xc6;'\x0c\xcco\
\xbcD:e?\xd6f\xf4\x93n\xef'\xfba\x17\xba\
6\xdd\x22\xde8'\x9a\xa5\x98\xb8\xbc\xa0\xe9\x18\xf2\x9b\
\x0d\x8c7\x12\xc6\x1b\x0eH\xce\x00\xf3yN\xcdnd\
\x13\xc6\xf9\xf3\xce\xaez\x85x}\x13*[_\xc5_\
\x8d\x1a\xe0)\xb3zk\x07y\x01^\xd7\xb9y\xe9[\
\xf7I\x8e\xa3f\x81y\xccp\xfa\xdd\xfb\x0f\xe9{L\
\x949\x03K\x02\xa2\x89K\xfb\xe8\xcc\xbd(y\x1b\xec\
\x0bf\x8e\xe18^Ja?R\xa4\xc6\xa6Or\xf6\
\xe46\xf3|\xc1\xe3\x1c\xcfq\xa0\x15F=\x8f>\xfb\
\x96W\xea\x9c|\x12Oq\x1aW\xac\x86\xb5\x06\xf7\x1f\
J+j\x97~\xe7\xd3\xb3\xe7f\xe5^\xf1}\x82\xa3\
8\x97\xa0Yj\xfbxn\x97<\x8f\xdb\x1e.\xe9n\
\xd6\x8c\x0f\xc6o\x96\x96r\xbdo\x8e\x07\xb3~\x99\xbd\
\x98\xe7Y\xc3\x84\xc5\x97\x13\xbe\xcf\xa3s\xa3\x8e\xf7\xb6\
\xf5\x17\x04\xfb\xcd#g\x91X8\x8eh\xc2z|\xee\
\x08\x1a\x07O\xa3\xb6\xff\x02\xf1\xc71\x14\x12\xce\x0b\x04\
\xe3\x87\x08\xe3\x84\xf3z\x9e\x9f\xc6\xf3\xb5\xf7\x10\xd6\x99\
\xcf\x09\xe7U;\x90U\xb9]r\x052+6!\xbd\
d\x1co\xfe\xcb\xfb\x9ek\x94,8\xfdI\xe1\xdec\
\x9d\xb7\x1d?\xb9\xb7\xdai\xf6\xcc$\x93\xbe\x8e\xaey\
\x03\xfb\x0f\x9f\xc2\xc2\x151\x84\xcdd\xf1\x9bdU\xec\
\x9e\xae\x0b\xcb\xad\xd9i\xd4\xd5\x10\xd697O\xea\x0f\
\x06\x84\xdb9\xc7)\xd9\xc0~\xb2\xab\x0e\xc7\xc5\xef\xb9\
=2\xc3bE\x88\x91\x0f\x1ejg\x19\xb9\x86!z\
\xdc\x86}\xf0\x91\xc9\x95sp9\xdb\xb7\xcf\x9c\xcf\xb9\
\xe9Q\xc4\xf1\x81\xae\x1ct\x0f\xfd\x8a\xdc\xd5\xcf\xcd\xd4\
\xd1\xa5\x8b\x9f\x92\xfd\x89\xcbV\xe9\xe7\x12s\xf8\xfc\xc5\
\xfb\x90\xfb+\x84D\x17\xa3u\xf44\xba6N\x1a8\
\xd7u{\xfb\xc4\xa4\xcc\xfa\x8e\xc9\x19Fl\xf6\x10\xd2\
J7\xa2q\x80\xe3\xa2\xc7I\x93\x1f\x22\x1b\x94\xb9\x5c\
\xc7x^\xdd^\x1d\xe3\xb5\x84q\xfa\xac\x99\xcf\xa7q\
^\xbe\x89\xb0\xbe\x11\xb1Y\x038x\xe2\x86y\x1f\x0d\
\x0f\xb5\xfd\xde\xce\xce\xb3\x1dK\xb2\x1b\x13z\x92\xf9\xbc\
\xb3^\xc3\x85\xf5\xe1\xf1W\xa4\xd6xyH\x12}\x7f\
\xe5R/ ~\x82\xe6\xd3\xc8\xa735\xb7\x8a{E\
\x8f\x10\x8f\x0fJN6c:\xab|\x1c\x05\xf5\xaf\x90\
\xce\x18\x13^O)\xec3r\x97z\x05\xeb)\xc4\xed\
\x9c+2=\xd3\xdc\xb5V\xcfZfX\x9f\x85g\xc6\
{\x80\xd1\xafB\xd7@\xf34v\x88\x1e\x0b\x0dZ3\
3\xebb\xa5k\x1e\xe3cs\x19\xdd\xf4\xeb2z`\
p\x0c\x8c\xfb\xf9%e\xd6 >\xbdR\xfc\x8b\xcc\xeb\
\xac\xcf\x97\xcf\xc6:\xed\x03\xde\x0b~d\xbf\xd7\xf7\x1f\
&\xfb\xf32ir\xb2Q\xa7\xb9\x9du\xfb%\xc2\xf5\
\xab\x88&\x9c2\xbfg\x94m\xa6\xb3\xf2\xb0h\xf2\xbc\
:\xe2\xf1z\xc2x\x1d}\xb6\xb5\xbb\x04\xe79\x84\xf3\
\x1c\xfa\x9c\xb3\xaa\x08\xe7\x95[\x05\xe7\x9c\xdf\x9eQ6\
!9\x9e\xcd\xbd\xbbI\xb3O\xcdhv\xc5\x5c^8\
\xec\x99\xe1U\xfcR{\xf2z\xdd4\x07\xc6M_\x0f\
\x97\x86i\xeeZ\x87\xe7\x96DaYp\x02b2{\
QJvTa\xcbI\xd10\xc5\x84w\xe6\x99\xd4B\
\xe2\xa7\xa2a\xd1*\xf9u\xdb\xe9\xbb\xbd\x86\xae\xcd\xf7\
P\xddw\x06\x09y#\xd3\xf5f\xfc\xfb\x14\xd13}\
\x82w\xf6\xcb1^\xfcV\xdb\xe3\xf59xv\xcd\x9a\
\x0bK\xf7hS\xbat\x8d'\xce\x9e\x8f\xed\xc0p\xbd\
'\x00\xf7\x06X\x16\xac\xdb\xbe/\x13\xce\xb3\x8a\x9a\xf1\
\xd5\xd7\xdf\xe0\xe8\xa9\x8bxaY\xb4\xd8\x1b\xcc\xe33\
K\xe7\xf5\xe5\xb4\xff\x18\xefe-;H\xa3_F\xcb\
\xf89\xb4N\x9c\x9f\xe1w\xd22\xec\xa3a\xbd\xbd\x96\
4!\xe3=\xa9p=a\xdb\xd0*5\xbbt|\xcb\
\x22m^\xbd\x9d\xb4\xcb6\xfa\xacu\xdd\xc28O/\
]/\xfa%\xa5pDj=~\xff\x87\x0f\x0d\x7f\xcc\
\x94#\xacc\xde\x8cD\xa7\x18\xd4|\x80u\xbb\xbd\xe2\
m\xcd\xc2\xf3\xa0\xed\xf8_e}7a=\x92\xbe\xbf\
d\xe93Q\xd6q^\x8fY7\x1cBz\xf1\x98\xde\
\xf3\x81\xb0\x9e\x228\xdfF\xdf\xed-\xc9\xefh\x99\xb8\
\x89\x96\xf57\x90A<\x14\x97;8K\xbb\x0f\x08\xd6\
Y\xbbsn\x14s2s\xb3\xe8_c\xcd\x8fGz\
\xe4\xf5Y5\xa0:\xd6]<\xed\xc1\xce\x9c\x8d\xf3\xb0\
\x99K\xd7\xdc]\xe6\xee\xe5\x84\xed\x97\xfd\x12\xe4\xf2%\
\xbfxd\x17\xb7\xa0\xac\x96\xb4Wv\x0d>\xfb\xfcs\
\xf9L\xbe\xff\xe1\x07d\x166\x11\xfe\xe3d\x1f\xcd\xc1\
;a\x5c\xe2J\x81\x09\xf47v\xa2}\xc3\xe4\x0c\xd6\
\x99\xdbi\xb52\xdeI\xcb4\x8d\x9c\xa1\xcft\x5cf\
NFg\xd1gR\xc85\xdf:\xbes\xaa_\x91\x95\
]M\x18\xaf\xdaJ8\xdf\xac\xe3\xbc\x5c\xe7\xf3\xf4\xd2\
qd\x94\x8c\x91\xe6'^\xef\xd9%y\xbd\xd35J\
P\xeb\x91dg\xc6\x9dm{\xd2\x02\xeb\x9aB|\xd6\
k\xac\x9b`{\xfe%\xff\xabi\xec\xc5s\x8b\xc2\x09\
_)\xf49oCi\xc7\x05:c\x0f\x10\x8f\x8f \
5\xbfW\xaf'(\xe0\x9c\xda\x09\xfa\xfe\xaeK~G\
\xfb\x86[\x84\xf3\x9bty\x87\xee\x7f\x14\xb19#H\
\xc8\x1f5\xf8\xbd_8\x9d\xfb\xa3p\x8d%\xd730\
F\x5cyS+\x88+\x05\xfbsV\x9a[\x1bu.\
\x86\xd3-\xecM\xf7<\xeeg\xccG`\x1e_\x14\x90\
\x88\xf0\xb8Bt\xf6o\xc2\xd0\xd8\x0e\xc4\xa4\x94\xe1\xfd\
?\x7f\x88\xeb\xb7\x1e\xe0\xbd?\xe8\xbdr\x7f0z\xcc\
]\xbdy\x8ftL\xa2\xbc?\xf6+\xad\x10N\xd7y\
\x9d\x9f\x8f\xf5\x0c\xd7\x82Tu\x1f\xa4\xcfE\xe7q\xbe\
\x9c\xc6;\xddf\xed\xde8|\x9a0>\x86\xa8\xb4n\
\xe2w\xee1\xb0N8<G\xb8\x9c0^\xa5c\xdc\
\x85\xf3t\x03\xe7\x5c\xbf\x94^2\x8a\xc4\xbc\x01\xd4w\
\xee\xc0\xcd;o\xe3;\xda\x83ss{\xe1\xb3Z\x0d\
\xeb5e\x99{\xa2\xd2\x93\xda\xce\x8cH_\xd5UO\
\x19<\xd1\xda9JX\x0f\x13\xacgU\xec@q\xdb\
\x19\x89\xdfeU\xbe\x228w\xd5\xbe7\x0c] \x9c\
\xdf\x13\x9c\xb7o\xb8M\xdcu\x8b\xd6m4\xae\xbb\x8a\
\xa4\xa2\x0d\x84\xf7u\x88\xa7\xef1Ip\xde%\xfdQ\
\xb8\xc6\x8c1/\xbd\xdb\x05\xef\xb3\xf1\x9d\xa2_\x86\xa6\
>\xc6\xeff|\xed\xae\x1f\x11k\x10\xd6%\xae5\xfb\
>\x9cg\x1f\x9bZ!=\x87{\x86\xb7\xe2\xd3\xbf\xea\
\xdc\xfd\xe5W_\xe1\x83\x0f?\x9eS\x8b%s.x\
V\x9d+?\xa8g=^$[\x86\xfd\xa5\xfc\xfee\
\xaf\x1a\xfc\xce\x97\xecg\x8f\xcfnC\xc7\x86K\xa4[\
fx\x9du\x0cs{\xcb\xd8y\xe1\xf7\xc6\xe13\x84\
\xf7u\x84\xf7N\xc4dq\xfe\xef\x08\xd9<\x9b\x91\xcd\
\xda\x9c1N6\xa8\x8es\xd2-d\x03\xa5\x11\xce\xb9\
~\x83u#\xd7\xa6\xb2o :\xb5\x15\xaf\xee;\xeb\
\x19\xeb\xd0|:\xdb]\xa9\xbf\x80\xc3X\x92\x1d\xack\
&\xfdJ\x958~\x96^\x1fY\xff\x0a\x9e_\x1c.\
\xd8\xcb\xaax\x05\x85m\xa7%\xd6\x91I\x9f}ja\
?}\xd6\x9c\xcbt\x10\x0d\xc37\xd0\xbe\xf1\xb6\x8e\xf3\
\x09\x17\xd6u\xdcgU\xbf\x8a\x98\xecu\x88!\xbc'\
\x17\xaf\xa7\xefqB\x8f\xab\xd2\xe2\xef*\x22\xa9\x86t\
q\x8a\xa1[R\x0c^O18s\x1e\xbf\x1by\x01\
\xae\xfa'\x89\x95\x86eH\xbc\x95\x7f\xbe\x5c8:\x83\
l\xd1,\xf19\xf2%?\xe6\xa5\x15\xf12\x1b\x81u\
\x89\xe4\xdc\xd2\xef\x9e[\x1c\x85\x1d{\x8fa`t;\
\xaa\x9b\x87f0=\xab\xef\x13\xe7Gh\x82\xefG\xa2\
\x85y\xb9\xe2\xc9\x1f}\xf2)\x22\xe2\x0b%\x96\xe4\xe2\
s~\xbf\xcbW%\xc9|\x8ceA\x89\xe2k\xaa\xe9\
90\xcbF\xbd(8o\x1d'\xac\xd3j\x1e;'\
\xd7\x1b\x06O\xd2\xd97B\xfa\x9d\xf4Lf\x1f\x12H\
\xf7\xa5\x97N\x88\xaf%\xbd|B\xf4y\xdal\x9c\x17\
\x0f\x8bvd\x7f@:qM2qFe\xc3z|\
\xfd\xcd\xb7n\xe6\x02\xdb\xc3\xfa\x93\xf2\xaf+\xfb\xd85\
g\xfd;\xa0\x82o\x93>_;v\x1f\xc1\x0bK#\
%\x0f&\xb3l\x1b\x0aH\xab\xb3\xcf\x8b\xb9\x9cW^\
\xc3^\x94ur\xdd\xd8$\xea\x86\xae\x11g\xdd\xa2\xef\
S\xc7z\x1b\xe9\x98\xceMwQ\xdcz\x18\xd1\xd9\xa3\
\x92\xbb\x9dX\xb0\x1e\xb5\xfdgQ\xd5s\x14em{\
P\xd5\xb9\x0f\xd5]\xfbH\xb7\xe7\x88\x0e\xf0\x0bqq\
\xe4\xcc\x9a\xadg\x98\xcb\xd9\x8f\xcd\xb3\xf9\x96\x06&\x0b\
\xe6\xf9\xe7\xac'\x18\xefqiU\xc2\xdblKrl\
g\xe1\x8aX4\xb4\x8e\xe0\xd0\xb1\xf3\xa2K\xba\x066\
\xa2\xac\xbaS\xea\xc0\xebZ\x87\xc9\xd6\xfc\x1a7H\xa3\
|\xf8\xf1\xa7s\xfaO\xf0\xb96\x1d\x9b\x99\x9a\x89\xaf\
\x89\xedG\xcb\x95o5y\x85\xb4\x1a\xf1\xfb\xe8\x86]\
x\x9elx\xc9G^\xa5\xe7\xf6K.h`\xa2p\
{\x17a\xdd\xc5\xe7\x8cy\xd60-\xb4\x18\xebM\xa3\
g\x89\xe3/\xd0\xe7\xb1\x0f\x91\xe9\xdd\x84\xf7n\xc4f\
\xb1\x9e\x19\x16N\x11\x9c\x936O%\xcd\x92J\x18\x97\
U4(q\x0d\xe9=P\xc0\xb9\xc3](\xac\x1c\xc2\
\x87\x1f\xfdU\x0d\xeb^\xf4.u\x1cK\xd2\xec\xf9*\
\x1d\xe5\xcf(\xceIs\x87\xf5\xf3\x17\xaf\x13\xae\xe2\x84\
s\xb3\xca\xb7K\x9c\xda\xc5\xe7y\xb5;\xa4\xf7\x1a\xe7\
\xae\xebk\x12\x15\xdd\x97\x05\xf3\x1c\xfbn\x9b\xb8EX\
\xbf\x87\xf2\xaeS\xc4U\xecO\x1e\x11-S\xdd{\x92\
\xb4\xea\x15:\xdb/\xa3s\xc3\x15to\xba\x8e\xd8\x8c\
&,\xa13\x7f\xa5\x0b\xeb\x8f\xe1]\xf7i3\x87f\
\xe67\xa2\xad{\x02\x89i\x15\xf4\x98\x04d\xe65\xa0\
\xbaq\x10\xcf.Z+}\xe1\xaf\xdf\xba\x8f\xf6\xde\x0d\
\xd8\xbb\xff$z\x06I\x0b\x145\xe1/\x7f\xf9p\x9a\
\xab'/\xdf\x94Y\x96\xf3\xffMc\xdbCn\xb3\xe4\
7\xbb\xe9\x11\xf5\x9d\xf4$\xd2P\xdf:\x84\x17\x08\xef\
<7\x8d\xb1\xce\xbeH\xce\xc3gn/o\xdb\x8dN\
\xf6\xc9\x08\x8f\xeb8g\x9b\xb5i\xec,a\xfd\x0c\x9a\
\xd7\x9dCM\xefQ\xd21]\x88LiCL\x06\xe9\
\xbc\x82a\xf1\xb5\x08\xce\x8bG\x04\xe3)\xc5d\xe7\x17\
\xf12\xe2\x19d3q?\xa5\xf8\xcc6\x14\x11\xd6?\
\xfb\xfcK7:\x06\x1e|\x0f\xeemU\x9f\xf5\xdcr\
\xda/C\xb3\x99K\xefI\xc3\xd8\x981\xc5\xff\xfe\xf5\
\xbd\xf7%\x07\x9d92\xa3d\x03q\xfb\xb8\xf4c\xcb\
\xaa\x98\x90\xde\x0d\xe5\x84\xef2\xb2W\x19\xeb\xe5\xb4J\
\xdb'Q\xd26\x89\xda\x81kRW\xd6\xbe\xe1.\xaa\
\x07\xce\x0b\xc6\xe3\x08\xeb1\xb4*:\x8f\xd0>\xb8,\
y\xae\xad\xe3\x17\x09\xf3\xd7P\xdc\xfc\x8a\xe4\x09\xfb\x19\
\xb8\x9e\xc6\xbb\x0b\xf3\xc1\xfa\xdc=\xd6\xc7\xe3\x1bw\xc9\
{\xfb\xe6\x9bop\xee\xc25\x1c;yQn\xaf\x9b\
\xd8\x85\x96\xae\xf5\x8fa\x98kL\xfe\xfc\xc1G\xd3\xb7\
?\xfb\xfc\x0b\xf9\xbb0\xbb\x06yj\xca\xde\x9c\xdcy\
\x9f\x93\xf8g\xbe\xff\x1e\x95\xf5\xbdxq\xd9Z\x99\x05\
\xb3B\xf2\x9f\xd3$\x7f`Mb5Z\xd6\x9dE+\
c\x9d\x16c\xbe\x99p\xdeL?k\x1c9-\xf8/\
m\xdd\x8b5\xc9\xad\x88\xa0\xb56\xbd\x93\xb0\xce}\x84\
G\x8d5,\x18O&\x8c'\x17\xf6\xe9\xf1i#>\
\xc7X\x8fIkFC\xfbf\xd1Z\xfa\x08\x94yu\
\x1bV\xbdK}\x90'\xa3\xf9\x80\xd7\x9d\xe4\xcdk\x8a\
\xf5\x7fV\xdf\xe1\xb7\xdf~\x87\xa4\x8cJ\xbc\xbc\x22\x06\
\xf1\x19\xed\x12\xfbO+\x1e l\x1e50~N\xfc\
\x90r\xbd\xfd\x82q9)\xb5\xf0\xf5\xc3\x8c\xf7;t\
y\x09\xf1y\xeb\x11\x97C:&{\x18\xa5m\x07\x08\
\xdfW\xe8\xfb%\xac\x8f\xf1\xba$\xbc\xc6uI\xcb\x02\
\x13gt\xcc\xac\xe5\x17\x9c\x22=\xc5^Z\x1e\x83#\
\xc7\xceM\xcf\x88\x9b\xff\xef\xcb/\xbf&}\xf1\x93|\
\xd7\xd2\xb3y\xd6}\x5c\xdc<\xc3\xe3&5\x8a&\xdc\
\xeen\xc6\xa2K\xe3\x0b\xde\xebzhO\xea\xf9\xcf~\
\x06\xdeY\xbbg\x94\x8d\x8a^o&\x1eo\x11\x9c\x9f\
18\xfd,\xea\x06\x8e\xd1\xb9\xd7\x87\xf0\xa4f\xacI\
b\xacw\x90\x86\x19@R\x01\xe1\xbb\xd0\xb5t\xbf\xad\
\xde'\x8f{\x9fv!\x85\xec\xfc4\xba\x1e\x1eW\x8b\
\xc3\xc7.\xcd\xed\x9f\xa1\x80u\xafs\xcc5\x1bZB\
sXw1=\x15\xd0\xbbZW\xd3\xda;\x03\xef\x1d\
\xbd\xeb\xf1\xc2\xa2\x08\xc4\xa57\x88N\xcc\xaf\x7fMf\
J\x97\x90\x9dZ\xda~V\xe2K%\xb4J\x09\xf3\xa5\
\x82{\xe6\xf7\x8b\xa2g\xd8\x17\xd30r\x19\x09\x05\x13\
\x84\xf51Dg\x8d\xa0\xb8e\x9f`\xbde\xec\x22\x9d\
\xe3\x93r\xd9\xb9\xf1\x9a\xec!\xee\xfb\xb8\xd2e\xa3\xce\
\xc6:\xe3\x9fl>\x9e1\xf1\xc7?\x1a\xb3\xb2~z\
$5SS.}155\x97\xab\xe7\xe4\xe0O=\
\xf63\xa59\x896\xd6#C\xc3\xb3\xa6)\xaah'\
{8Ff\xc2\xf2>eM\xc3\xb6EU\xf7\x014\
\x11\xc6\x1b\x87O\xa2\x89\xf8\xbcq\xf8\x94\xf0}f\xd5\
&\xacNh ^o!\xbc\xb7\x08\xd6\x13s]=\
\x08h\xe5\xeb\xfde\xa4\xb7\x12a;1\xb7C\xfa\xe3\
%\xd1Z\x93P\x8d\xb6\x9e-\xd2\xd3dN}\x92\xe6\
\xd9\x1b\x07\x0f\xb3v}\x9a\x07\xe6\xcb\xdaj/\xebM\
\xcd9}\x06;\x17&o`\xf1\xca\x04$\xe5r\xdf\
\xb9W\x89\xd3\x8f\xa1\xa4\xe58a\xfd\x04a\xfe\x94\x8e\
\xfb\xf63:\xdee\xe956\x5cS\xd64zC\xb0\
\x9eX\xc0~G\x9e\xbd>*Xog\xac3\xce\x0d\
\xac\xb7o\xb8\x8a\x8a\xf6\xdd\xb3\xb0\xads\xb9\xe4\xcc\xd3\
\x0a$[r!i\x83\xb6\xae\xb1\xb9\xb9\x1f\xb3g\xd9\
\xba\xec\xc9)\xcd\xb1\x1e1\x8b7\xd8\xc1\xfb'\x9f~\
\x86D\xce% \x1b\x99\xe78\xf2\xdf\xb1, \x0e\x11\
\x09\x95\xa4\xef\x8e\xa3a\xe8$\xad\x13h \xcc\xd7\x0d\
\x1e\xa7\xcf\xa6\x1fa\x89\x8d\x08Ol\x22\xac7\x09\xd6\
\x13\xb8\xef\x00\xd9\x9c\x9c\x0f\x9d\x90\xcb\x8b\xfb\x9f\xf2\xe2\
\xf9\x08m\x84\xf5V\xc4\x10\xff\x8co>\x84\x1f\x7f\xfc\
q^m\x92{\x85a\xd63\xdaV=\xa8E~\x8b\
S?\x8c\xe6\x8b\x1c\x01\x9b\xf3\xd9g\xeb\x98\xef\xbf\xff\
\x01\x19\xf9M\x88Jm#\x9c\x1fDa\xe3~\x145\
\x1fAQ\x0ba\xbeU\xc7|I;a\xbe]\xc7|\
i\x1b\xd7\xe5\x9d\x95Z\xb2\xda\x81\xab\xf4]N\x92\x86\
\x19\x17^g\xac\x97\xb4\x1e\x98\xc6z\xab\xe0\x9d\xfdp\
\xa4c\x88\xe7\xb8\x17\x12s\xa0\xf8]\x0c\xed\xc2\xfek\
\xf6\xe3\xadZ\x93E:\xfb\x8f\x8fc\xdd\xce\xec\xc3\xd9\
3=\xdd|\xc7\x9a\x9dyX\x16x\xff\x97\xdf\xbe\x87\
\xd0\xa8\x1c\xb2\x9f\xe3\xb0\xd2\xd8\xb7\xcb\xe8z|V;\
q\xfa)\xd4\x0f\x1c\xa5\xcf\xe6(j\xfa\x8e\x22:\xbb\
\x17\xab\x19\xebI\x8c\xf5F\xacMkC\x5c\xd6\xff\xdf\
\xde\x95pIU]\xeb\xf7\xbb^\xf2V^\xd4\xa8\x04\
#\x8aQ\x90\xee\xa6\xbbz\xa4\xe7\xa6\xa1\x99\x9a\xa6\xe7\
\x89fF\x94\x19\x84\x04\x04\x94I\x84\x00\x0a\x82\x12\x89\
\xc1Y#\x8e1\x89\x1a\x12\xcdJ\xb2\xc2#QR{\
\xbfsN\xdd\xaa\xae\xe1\x0c{\x9f{\xaa\xc1\xac\xba\xae\
\xbb\x1a\x08\xa1\xbb\xaa\xbe\xbb\xcf\x1e\xbe\xef\xdb\xabE\x8d\
\xb3\x0ak\xd2w\x87\xbc'T_\xa7\xa6}\x0c\xab[\
GD^9\x8c\xbf\xfa\xf5\xbbxS\xcd\x91\xa2\xfe\x91\
6\xae\xa3\xb5?\x17\xd7o+\x14\x1f&\x88/\xbc\x87\
\x1fLv\x1ez\xf8\xd9s\xca?q\xf1\xf0\x11\xec\x1a\
:\x82\x8bF\x8e\x8b\xfb\x84\xc2\xfc\xe2\xb1S\x02\xdb\x12\
\xf3g\xc5\xfd\xbc\xcam\x96\x88X/9b=k^\
\xc6\xe5\xeb\xce\x89\xb8\xb5E`}+V\xb5m\xc1\xe5\
\xab\x9e\x9b\xc4\xfa\x8e\x08\xef\x02\xeb\xe3\xdb.\xe0\xec\xc4\
\xd2L\xce\xfe\x93(\xbeKOT\xc9\x93=z\xfcl\
f\xa6\xe3\xb5\xc3\x194\xfb\xeb\x0b\xe2\x19Zw\xc1Q\
\xbfg\x1a\xef\x97\x7f\xfd\xa6x=5\x22\xa6\x8b\xdcL\
\xf6T\xa3s\xaby\xc9\xe38\xf2\xc4\x19\xec]\x7fB\
a\xbdv\xc1F|\xa4vP\xe40\x02\xeb\x0d\xc3X\
\xd14\x86\x09\xf1LT\xab[`[\xde\xed\xd1\xd76\
\x81\xf3\xb6Q\x81\xf5aL4\x0fb}\xdb0v-\
[\x83o\xbf{5+\x0e\x98\x11\x11\xca'\xd4\xc7\xf7\
\x0b\xc1\xafo\x1e\x9b\xfb\xc5\xa8Q\xff\xf6\xf7\x7f\xe0\x8a\
\x95\x07p~\xefS\xb8h\xe8\x19\x5c8xX\xc4\xf7\
\xa3\xd8%1?zB\xe0]`~\xfc\x17\xd1}F\
a~\xd1\xf8\xf3\xd8\xbd\xfa\x82\xf8;\xcf\xe2\xdc\x96\xc7\
D\x8czBa\xbeo\xfd\x99,\xac_\xca\xdcr\x8e\
8+\xb1D\xe9Y\xd39\x8c\xec\x83\xcb}\x05\xa3\x13\
\x9b'\xb9M\xae\xdc\x83\xca\xbf\xc8\xff\xa3\xc9*6\xef\
\xd7L\xdcc\x9a+\x9a\xc2\xfb\xd9s/\xa7<\xe7\xa5\
~\xf1\x91\xd4\x9cL\xea\x04;z\xb7+\x9c\xf7\xac=\
\x81\xf3\xfb\xf7\x88\xb8>(p.sv\x81\xf5\xc6\x11\
\xacj\x1dW\xde\xed\xd5\x0a\xdb2\x8eG_#\x9cW\
\xb7\x0c\x89{\x10\xeb\xc4\xafUn4\xba5\x93\xcb\x00\
\xd8\x9d\x19\xf1\x16\xf0\x1c\x9d;\x1a\x91\xef\x1f\xec\xc4\xbb\
\xc7\xb9,\xaf}\x87_\xc6\x96\xee\xbd\xd85x\x10;\
\x07\x0e\xe2\x82\x01\x81y\x11\xe3\xbbF\x8e)<w\x09\
\xccw\x8d>\x87]c\xd2c\xf3\x8c\xb8\xcf\x8aZ\xf5\
\x05l^\xbe_\xe4\x9f\x1b\xc5g\xb7\x09k;\xb7\x8a\
\xf3\xfbE\xd5s\xcc\xc4u\x81s\xf9{\xd9\x93\x90\xde\
\xa5\xd3\xe4n\xcf\x87Ss\xa5\xfb\xa3\xf8\xfe\x9bh_\
yAL7\xec\x17D\x83\x0fN\x0e\xb0\x0b\xdb8\xd1\
\x9f\x85\xab\xf7\xd3\xbb2\x8f\x883I\xee8\x9e\x11\x9d\
Si-\xa2\xc4{\xef\xba\x93\xd8\xb3\xfa\x98\xa897\
\x88\x9c}\x10\xcb\xe7\x09\xec6\x0e\x89\xf7l\x04\x13\x12\
\xdf\xad\xa3\xd1=\x1ca<\x85s\xe95)}\x9dj\
[\x87\x04\xde\x87\xb0\xaaa\x05\xbe\xf9\xce\x07Y\xba\x0d\
{\x5c/\xa6F)\x16? \x16\xd6\x93f~#\xe1\
<N\xf7\xed^\xb9\xf2\x016/\xdd\x85\x0b\xfa\xf7c\
g\xdfS)\xbc\x0f>\x8d\x0bD\x9c_0|X\xdc\
\xa98\xbfP\xe6\xf4*\x9f?-b\xfb/\x22\x1d\xce\
cX\xd9\xb2Q=+\xe3\xdb/\xe5\xe0||\xe7\xcb\
\xb8rW\x0a\xebr\xa7\xa8\xf4W\x92\xf5\xa8\xeca\xdc\
9}.\x8e\xad\xda\xe2\xd4\x22\xe4\xe7\xdf\xf98\x9f\xfc\
j\x02\xb9\xe9\xa2\xed\xc25\xf5\xb1\xd2\xbc\x02y\x1d:\
|J\xe0=\xa1\xbc\xa4\xd5\xbcI<\xd3\x92g4\xbf\
o\xa78\xeb\x9e\xc3e+\x9f\xc6J\x91\xa3\x97\x89\xd8\
^\xde8(\xf2\x98!5c\x93y\xb9\xc4w\x22\x83\
\xefT<O\x08\x9cW\xab\xbb_`}\x00gW-\
\xc6c\xcf\x9d\xcb\xf4cuh\xc8}U\x96\x1c\x19\x02\
\xcdO\x0dx\x07J\xce\x1d+\xb6'\x19\xbev\x853\
T\xb9S\xa3}\xf9nq\xefQ\x9a\x01\xa9\x1d\xe8\x10\
9\x8d\xec\xcdH\xef\x13\x89\xfbN\x11\xeb\x17\x88X\xdf\
\xa9p\xff\x1cv\x8a_'\xda\xe5\xee\xa4\xc7\x15\xde\x97\
M<\xabr\xf3\x1c\xac\x8b\xaf\x13\x02\xeb\xb2\x0f'\xe7\
\xfc2\xbfM\xf5_\xea\x95'\xcd\xfbW?*\xacG\
\xd1\xae+\xb3}\xca\x9a\xa4\xc5\x89w\xd4p\xbci}\
\x9ad\x0e\xde\xf7\x1d8\x8ew\xddW)\xce\xabzq\
7\xe0\xf4\x07\xaa\x95\xc6\xa4kp\x8f\xea\xcb,\x1e\xde\
/p>\x82\x15\xf3\xfaqnc?V6\x09l\xb7\
\x0ee\xe2\xb8\xcc\xcfS\xb7\xc0\xb8\xba\xfb1\xd1$\xf5\
#}\xca\xdbr\xc7\x93\xcfh8\x02\xf9\xaf6\xbe6\
\x89\xccAg\xf2\x1cC\xed.C\x1f/\xea,~\xef\
\x8d\x7f\xfe\x0b{'\x0e)^\xe9\xb2\xd1\x03\xb8|\xec\
i\x91\xbb\x1f\xc0\xe6\xee\x9fa\xfd\xe2=\xd8\xda\xb3O\
a\xbes\xe0\x10vH\xec\x0b\x9c7\x8a\xff\xad\xb2}\
\x93\x8a\xe9\xf3\x16\xef\x12\xb1[r@.F\xbd\x974\
\xde_\xc2U\xbb_Q=\x09\xf9\xb9O\x9fY\xab\xe2\
\xde\x0f\xa7U\xe0\xd2\xe5+\x0b\xe3\x03\xfb\xfd\x88s\x11\
\xf9\xa2\x94\x1ef\xf4>\xee\xdc\xf34\xfe\xf0\xde2\xbc\
\xff\xa1:\x95\xd3\xc8g[ja\x97\x8d?\x85#\x02\
\xef\xed\xcb\xb7\xa9\xdd3\x95M\x02\xeb\x02\xcfU\xcd\xa9\
\x5cE\xe2;\xa1~/\xf1\x1d\xe1\x5c`\x5cb\xbdV\
\xc4v\xe9=\xbc\xdd\x89u\xc8\x8b\xec\xc5\xcba(X\
\x07\x93\xc7E\x8c\x9f\xcb\xf7\x1c\xce\xfeN\xf2\xff\xfb\xe5\
\xb5\xaf\xf1\xe3\xcf\xfe\x88\xd7\xfe\xfcW\xfc\xfa/\x7f\xc7\
\xcf\xbf\xfc\x1a_{\xe7\xb7\xb8\xf7\xf0+\xd83qX\
<\x07{\x95\xbe\xa0\xa3o\xbf\x8a\xf9\x89\xce\xcd)\xac\
\x8b\x5c]z\x01Il\x8fn\x8d\xb0\x9e\xc6\xbb\xf8\xba\
z\xcfe\x5c\x22>\xeb\xe9Q?}\xc6#\x0d\xf8\x83\
{\xe6\xe0S\x07\x9f-\xcc\xd3Y\x9fS\x5c\x9cc|\
\xacg\xed\xe1I\xbf\x93{\xf7\x1d\xc5\xbb~\x5c\xa1\xf2\
\x98\x07\xe5\x8e\xfb\x87\xea\x95\xcf\xc7\xf2\x95\x07q`\xe3\
IlX\xb8\x16\xcb\xebW\xa4\xf0.\xb0,w\x1c'\
\xe4\xdd\x1c}m\xea\xcb\xb9%\xd6gUv\xe1\xc1\xc3\
\xa7\x8d\xf9\xba\xee\x19.Z\x5c7\xf89\x02\x10w\xff\
\x06\xdc;\x8c\xae\xb3\x18\x0b\xb1\x0e\x0e\xec\xfc\xf5o\xd7\
\xf1\xd8\xe9+J\x87\xd7*\xf2\x9c\xc6%;\x15\xce\xa5\
\xaf\x9b\xf4E\x91}\x16\xc9\xe7Sw\xc4i\x958\x97\
_\xd7\x08\xac\xb7\xf5lQ\xb3t\xa5[\x96=\xf6\x9f\
\xd6\xe1G\x1f}Z\xc8\xcb\xd2<\xb9\xee\xd7m\xc6\xb0\
\xf9\xb9\xf0\xe389\xf1\x1e\xc5\xf7\xb3/\xbc\x8c3g\
7\xe2\xbd3D\x5c\x9f\xd3\x22^o\xbd\xc0\xebB\x11\
\xdf\x0f`\xef\xdac\xa2.\x15\xb9LC\x8f\xc0\xb9\xc4\
zo\xf4\xb5\xaf\x00\xe7\xd5Q\x0eSV\xbd\x04\xaf\xbc\
\xfe\x9e\x16\xeb\xae\xd7\x96\xceo\x83\xf1\xbf4=G[\
\x0e\x03\x0e\x0ez\xf0\xfd\xa6\x14_\x91\xac\xfc3\x995\
\x7fO\xeb\x17\xe4\xb5\xff\xe8%\xe5\xf5S\xd7)r\xf4\
\xf6\x0dX\xd5\xfe8\xf6\xac=)\xf2\xf4\x97D\xfer\
!\xc2\xf8$\xde\xe5\xbd\xfa\xc9KX3\x7fe*\x7f\
\x99\xdd\x8cw\xdf_\x8d-\xf3\xfbr{h\x96\xd9\xb7\
\x1b\xe3T,\xc7\xc0:#\xbe\xa7k\xa0\xab\x1f|\x82\
\x8d\xed\xbdx\x8fx\xbd\x0f\xcdiVx\x9fY\xde\x8e\
KG\xf7\x8bZ\xf5\x10V\x8a\x9c]\xfa\xdcH\xacO\
\xe2\xbb7\xba\xc5\xaf\x1beL\x1f\xc0\xb2\xdan\x1c\x18\
\xdd\x827o~\x9bUY\xd0\xb0^,\xffuN\xbe\
\x0e\x84\x9ea\xa8}\xa7\x14/\x05\xe3\x1e\xcb\xac\x1a\xf6\
\xe6\xcdop\xf5\xe6gU~^\xd3\xb1A\xe9\xca\xe6\
-\xda\x8e\xc3\x9b\xcf\xab<}t\xeb\x05\xe5\x87%y\
}\xf2\xeb\xd8\xd6(\xd6o=\x87\x8f\x8a\xcfk\xfa\xcc\
z\xd5S\x97\xde\x05{\x7f~X\xb3\xf7*o\xfcc\
\xa9\xbb\xf4\xf1\x1b1\xf4\xcc\x84;\xaf\xc8\x9f\xafJ\xbe\
\x9a\xec5\xc9\x1e\x8d\xacS\xee{\xa8\x16g>\xda\x86\
\x0b\x07v\xe2\xa2\x81'\x05\xde{\x95\xafkn<\x17\
\xbf\x17\x7f\xa6b\xba\xc8i\xe6\xd6\xf7\xe0[o_-\
\xe8\xc1\xf8\xd6!\xc5\xc0:\xb5\x0f\x93\xcd\x1d+\xd6~\
_r\xbc\xcf\xf3\x91If\xf1\x09\xdf|\xf7c\xac[\
\xf08\xd6\xcd\xdf\x88\xd5m\xeb\x05\xd6\xd7*}\xe4\xf0\
\x96\xf3\xe2~Q\xf1\x19S\xb9L\xea\x96\x1c?Y\x9b\
\xf6\xac9\x12\xed\x1aM\xcdZ\xa6\x8b\xba\xed\xf57\xde\
\xd5\xe7\x9e\xd9\xe3Nm\xf4\x0e\x8bi\xf2\x5c\xda\xb5\x9b\
H7_\x8d\xfa\xef\xaaG#j\x139_Mq\x0a\
\xeaT\x8coh\x1b\xc1\xda\xd6\xc1,\xac\xf7fp.\
o\xd5\x7f\xa9^\x8ak7\xee\x89\xce?j\xa5B\xdf\
\x1fS\x8c\xb8^\x0c>\x8c_lG\xeb\xd4!\xb7\xd6\
\xc6L\x8e!\xffl\xe3\xf6\x13X%5\xc2\x9d\x12\xeb\
\xeb0!\xf0.\xb5\xee\xfd\xebO\xe1\xe8\xf6\x8b\x19]\
\x82\xe4o\x8fmMir\xa4\x97m\xfb\x8am8M\
|\xce\x92\x07\xfb\xa3\xfb\x13X\xdf\xd2\xad\xf8\xe9\xb9=\
\x85\xbc\x1c\x06\xcc\x1dq{\xaf\xb1\xb8\xef\x9f\xd1\x83\xc5\
8\xbf\x98\xcc\xff^y\xf5\x0d,O,\xc4;\xa6\x95\
\xe3\xfd\x22\xbeK\xcc\x97\xd7.\xc1\x9a\x96\xfeI\x8c\xab\
\xaf+\xd4]#~]&\xb0\xfe\xabW\xdf.\x88\x0b\
\x9c\x1e\x93\xcf\xfe/\xaf\xb8\x0en}\x06hz2\xc5\
\x8a\xeb9\xdc}\xc8\xafMs\xe72\x1f~\xf2\x07\xfc\
\xf0\xd3\x14\x1f\xeb\xf7\x9f\xff\x19[\x97nU{\xb0j\
;\xd6+\xacW\xcb|]\xe0\xbdq\xd1V\xec\xdf\xf0\
\x0b\x85\xf34g{4\xc2\xba\xe4\xc1\xccm\x1cP<\
@\x89\xf5;\xb2\xf8\x8cI[L\xcf\x06;\xe4\xe70\
h\xe6\xe7yr\xb4];B\xad\x1e,\x84\x5c']\
\xf3\x5c\xbb\xf6\x15\xf6\x0fo\xc4\x1fM\x9f\xab\xf4|3\
\x1fm\xc2\xf2\x9a\xc5jfT-kT\x81\xf1*\x91\
\xc3W\x0b\xdc\xcf\xad[\x86\xad\x9d#\xf8\xd5W\x7f-\
\xe85\xdaa\x9e\xe7\xd5\xcc\xc5:\x85\xc7e\xda5\x00\
nM\xb4\xc9\xfb\x0b\x02a\xdd\xce\x9c\x98\xc4z\x9a\xd7\
\xfe\xc9g_`C\xe7j\xe5\x83\xf2\xdb\xdf}\x89\xe7\
.\x8a\x98\xd4\xb8\x0a\x1b\x16l\xc2\x9av\x81\xf5\xf6u\
*\x8f\xa9\x16\xbf\xae\x12\xb9\x8c\xccm\xfa6\x9cL\xe9\
q$\xde\x95f\xe1E\xd5c\x9bY6_\xe5\xear\
~.}\xdeO\x9f\xb9\x98\x1b\xa7r\xf6\x19N\xee\x04\
2O:]y\x0c:c\xbf\x89\x07\xcb\xf1PC \
\xf4\xba49\xbc\xdaMu\xea<\x96U\xcd\xc7i3\
\x12\x0a\xef\xb3\xab\x16f\xe2y\xd5\xbc\xe5*\xa6?\x9a\
X\x84\x83#\x9bI]%\xf3\x19\x87\xc19`V\xef\
R\xb0\xe7\xcb\xda\xdc\xddG\xcb\xc4\xd8}V\xc8\x17\xcb\
\xceW\x10\xf7\x1c<\x83\x15\x8d\xa3X\xd5\xb2\x12\x07\xc6\
wa\xdf\xd8.\xac\x8c4\x065\x0a\xe7k\xa3<f\
\xad\xc2\xfd\xdc\x96U\xd8\xd6\xbd+\x83\xf3\x91-/\xe0\
\xc4\xce\x8b\xb8dt\x1fN\x7f\xb06\xc5{}\xa8A\
}\xfd\xe4\x93\xdfkx\x01X\xa0\x9f,,N\x09\x9f\
Y\xd6\x19\x90\xcfot\xf5Z\xa8\xe7\x22I\xdfk\x88\
}\xe9\xfe\xaa\xbc\xbe\xfc\xe2\x1a\x0e\x8clT9\xbc\x9c\
%?\x5c\xde\x8e\x95uK\x95\x86\x5c\xe6\xea\xb3*\x17\
\xe3\xee\xbd\xc7\x0b\xf6%\x91s\x97\x22\xee\x00\xb0\xed\x90\
\xa1\xf0\xcf\x82\xd7\xcb\x16\xee\x01dp\x91\x1bSSz\
\xfb\x9b8\xb8j\x0f\x96\xcf\x1bU\x1a\x99\xca\xc6\x11\xac\
l\x1a\x15\xb9\xcb\x9a\xd4\xce\xb7\xb6\xd4-w\xecV\xb7\
\xae\xc1\x84\xb8\xabZW+]\xd9\xd0\xa6\xd3\x22\x7fy\
\x01G6\x9f\xc5U;/`\xd3\xe2\x0d\x0a\xeb\x0f\xce\
j\xc6\xbb\xefK\xe0\xc2\xc5\xa3\xf8\xed77'us\
P\xf8\xfd\xf3\xb5\x9e\xe6>\x8c\xa5\x97\x08\xf19\xd4@\
\xc9\xdd]{u\x1d9\x8d\xfc9\x9f9r*z\x7f\
*E\x8co\xc62\x91\xd3\xd4\xb7\x0d\xe1\x9c\xdan<\
{\xeer\x96\xa6\x90\x99\xa7\xc7\xc5:\x98uD6\xfe\
\x17\x10\xdes[^\x18\xcf\xbf\xd7\x8c\x91\x9c\x9db\x11\
\xbe\xae_\xff?\x5c6\xb8UqO%\x9f\xbaV\xde\
\xed\x13\xe2\xd7\xab\x04\xc6W)|K\xad\x81\xdc\x01'\
\xf7c\xc9\xbb\xb2y\x02\x13\xedk\xb0o\xfd\xb3\x22w\
\x11X\xdfrV\xd4\xa7\xcf\x8b\xcfk\xb9\xf2S\x91\x9f\
\xe5\x9d\xd3*p\xd7\xee\xa7\xb3t\x93\x85\xfc\xd4\x9c\xa7\
O{`\xbbr\x16;\xce\xe3\xce\xe6l\xb9\xbdn\xb7\
\xa2Mw\xaf\xea\xd6\xe8\xc7\x7f\xff\xfd\x8f\xb1}\xe1\x90\
\xda\xcf&{UsE|\xaflX\x81\x17^\xba\x92\
y\xbf\xd0\xa7&%\xfa\xb1\x00\xb3\xf6\xb1\xf1\xab\xc1\xa1\
\xffG\xd3y\x0a\xfc<\xc6Vc\xe5\x9f\xf7&\xcd\xf5\
\xb2\xc1-X1o@\xf1M\x13-\x92s:.\xee\
\x89\xd4\xdd\x221>\x91\xb9\xabZ&\x04\xd6\xc7\x15\xf6\
W\xac9&r\x98\xe7\x95\xbe\xb8{\xe2Pjo\xa3\
\xd4\x98J-\xc3\xcc\x06\xfc\xcd{)\xaeW2\x83u\
\x1b\x0f[S\xb8\xfa\xc4$\xf0\xcb\x05I{9M\xbb\
\xd8\x08\xfa\xfb\xf4\xfb\x9f\xdeE(\xb5\xac\x92O#5\
\x89R\xab%\xb9r[\xb6\x1f\xc8\x89I\xe9_S\xe3\
@\x0e\x0e\xa9\xaf\xcb\xa1\xc5\xb3j\x09t\xf9\xa0n\x9f\
v\xc8>\x8cAc\x99\xfb\x0c\xe7\xe7\xc0\x93y\xc4c\
\xdb\x9f\xc6G\x12\xcbULO\xb4DZ\x82V\x89\xe7\
\xd4\x9d\xfa\xf5Ju\xcb\x1d\xbf\x12\xeb\xd5\xed\xabq\xc5\
\xba\xe3Jg9\xbe\xfdEl^\xb2Q\xed2\x90;\
\xdc\xa5WA\xd7\xd2\xf1L}\x06D\x8dpa\x9d9\
u\xfduW\x0e\x14\xdbWV\xc37\x95\xd7\xdb\xef\x5c\
\xc5\xb6\x85\x83\xa9\xf9\xd3\xc3\x8dx\xf0\xd0\x89\xc9W\x0c\
\xa0U\x9c\xc4\xda\x1f\xe7\xc3\xc12\xed\xd45`\xb8\xc0\
\xab\x06\xc2\xcd\xb5(\xfa\xcc\xdc\x8c\x01r\xf2\xc2\xf7\xde\
\xff\x08\xcb\xeb\xfb0\xd1<\x92\xc2\xb9\x88\xed\x89(\xc6\
\xa7\xee\xb1\xcc]\xd5<\xa6v\x84I\xacK\xdd\xd9\xc0\
\xe3\xcf+\xbc\xcf\xa9\xe9Vs\xa3\x07\x22\xed\xf4\x89\x93\
\xe7\x0b\xf3\x17+\xd65sQ\xa0pcn\x01\xfe\x0d\
\xb1\x13(\xf9Of>=\xc9/\xb8q\xe3\x06\xee\xd8\
}PiY\xbe\x7f\xc7l\xdc\xb7\xffh\xce\xbc\x83\xe2\
9A\xd1\x9b\x82\xe7\xacGW\x7f[\xf9_\x10\x86\xe7\
H\xd6[\x1b8\x97\xf9q4\x1d;\x8e\x9f\xbc\x88s\
\xea\xfaS\xba\x99\x96\x11\x81\xfb\xe1\x9c\xbbJ\xfe\x99\xc4\
\xbd\xc2\xfa\xb0\xa8M\xd7\xa9>\xfb\xe0\xe6s\xb8d\xec\
\xa9\xcc\xde$\xa9\xbbK4,\xc1\xbfe\xfbVi\xe6\
\xa3v\xac\xa3\xe6+\xde2\x9c\x03\xf1\xd7NOBM\
\x1e\x90\xcc\x9a\xb7\xca\xf9rS{\x1f~\xef\x87\x0f\xe3\
\xbe\xa7\x8e\xe7\xf2\x87\x02\xef\x0cea\x1d-q\xdd\xc1\
\xb7\x08\xc9\xc1\xb4\xf5\x09L\xd8\xc8\xe1:f\xe5\x86\x87\
\x8f\x9f\x13\xf1\xbd?\xa5'h\x8en\xa5\xa3\x91X\x1f\
Vq_\xe2\xbd\xb2i\x08\x9b\x16o\xc2\xbe\x8d\xa7\x15\
\xd6\xeb\xe7\xafR\xbev3D\xfer\xe7}\x95\xb8\xf7\
\xe7G\x0c\x1e\x01\xb9\xdc\x97\x5c\xce%\xdcV\xb7M\xbb\
I\xd75\xa33\xa7Ic&\xad\x01\x911^\xe6\xf1\
\xad\x0b\x86\xf0\xfd\xab\x1f\x17\xf8\xe4p\xfa\xe7\xd4\x9d\x1b\
\xe0\x11Om\xf5\x91-\xae\xc7\x9e#1v_\x82F\
\xc3\x96\xdd\xf3\xdb\xb4\xed\xa0\xdaq'\xf1^\x95\xd1\xce\
\xa4\xb1?\xacb\xbe\xc4z\xc7\x8a\x1d8\xf8\xc4\x0b\xb8\
|\xf5q\xfciE\xa7\xda\xad7mf-\xce\x9a\xdb\
\x91\xf1\x5cLf\xef\xb82x\x9d\xf0s\x14\x9c\xf2\x5c\
=T<ry5's|\x85\x939\xf3(N|\
\x04\x02\xd6\x81\x90\xe3\x83C\x83\xa7\xdb\x11f\xebM\x06\
\xc9a\x08=G\xf3\xfb3\xf9\xde\xca\xeb\xadw>\xc0\
\xf2\xba\x15Y\x1a\xb1\xec{Ha]\xfa\xf6,\x1a\xd9\
\xa7x`\x8d\x8b\xa4\xc7Wu\xa4\xc9(\xc3'\xb6\xed\
\x8fb\xfa\xbf\x0bx\x09\x85\xdf\xf9\xd6\xc5t@\xbf^\
%\x04\xca\x83\xc0Z\x07&\xd9z*\xca\x99\xe3\xe2\x07\
r\xfdK\x9dX'\xd42\xe1\xf3\x17}\x87?\x1b\xeb\
i\xff\x98\xd7\xde\xba\x8a\x15\x0d\xbdQ\x1e3\x18\xe9\xc5\
\x22\xac\xb7D\xb1\xbdm\x14\xfb\xd6\x1fW\xbb&\x1e\x9e\
\xdb\x85?\x16\xf1\x5cz\x06<\xf8h\x13~\xf1\xc5\xb5\
\xbc\x98\x0e\x86I>\xdc\xf2>\x0b\x07\xcf>1\x9eR\
\xf3qrk\xee\x1e\x0d\xa0\xd6\xcd\x96\x7f\xc7\xb57\x89\
\xd2\x87\xc9\xf7\xd1\x08\x86u\xa0\x9f\xc9\x98\xc7\x15\x90u\
\xd2\xc4\x86\xbd\x22g\xef\xc5\x1a\xa5\x01\xce\xd6FJ]\
\xe4\xa0\xcak\xea:V\xe2\xd0c'\xb1\xb5\xfb\x89\xc8\
\xc7\xae\x01\xff\xf7\x9e9\xb8y\xdb>ML\xd7w?\
\xc3a<\x19\xdd10\xc7\xd4\xc2$\x03\xf2U]>\
\xd2d\xed\x0d\xa1\xb7\xe8\xabm\xb0y!\xe9zR\xc5\
\x88\xeb\xf6\xb9\x1e%.\xe5bo\xdb\xeeg\xb0B\xe4\
/\xd2\xa3D\xe9!\x9b\x07\xf2\xeeA\xa5\x99l\x5c\xb8\
\x1a\x97\x8d\xed\xc7\xb2\x9an5\xf7\x93\x1c\x8f\xd9\x15\x1d\
\xf8\xa7\xc8/\xfa\xdf`\x8f8\xc5\xe4\xe7\xa2\xc7\xfbK\
\xceY=rw`\xe6\xf2\xc8\xc4&\xa7\x8f\xae\xcb\x9f\
\x9ds}\x07O@W/\xbb\xe2\xbao\x8dj\xe4\xdd\
1j\xadtiz\xe8\xe8\xf3X^\xdb\x83u\xd2\xbb\
D`\xbd:\xf2s\xc8\xc6\xbb\xd4\x06\xd7u\x8c\xe2\xbc\
\xf9\xe3\xca\x97Q\xfaEH\x9f\x80\x03\x07OL\xf6\xd3\
Q\xd7_\xa4\xe9%\x8bY_\xfa`\x97\xfa_\xb1z\
@\x14\x0e\x150k\x04\x13\xa7\x85\xe4\x01\x0c\xfa\xf9\xac\
\x96\x07g\xd3~\x05\xd6\xe0\xd1\xfe~\xaeVb\xfb\x93\
GpNbY\x84\xf7\xc8\xbb$\xad{\x8fn\xf9\x1c\
T5\xf4\xe0\x8cY\x8dx\xf7O\xaa\xb0\xbe\xa9\x1bo\
\x5c\xbfn\xf4x\x00\x1b\xf7\xfa\x16\xf7\x13m=\x82b\
\xed\x9b\x03N,\xf6\xe4\x0d\xba\xfe?.\xac\xbbr\x18\
S\xffQ\x8bg\xeb\x8c\xd3o\xe6K\xf5X\xd1v\x1f\
#\xc0\xdf\xfc\xf6[\x1cY\xb5\x03+d|o\x8d\xe2\
{\xe4\xf3P\x1dy<(\x0dp\xf5\x22\x91\xab\xd7)\
>\xc0\xf9\x17\x7f\x99\x1b\xd3IX\xbf=z\xe7!v\
\x0f\x86\xecc\x82g~\xc6\xd5f\x92\xe2\xbf\xa9W\xaa\
\xf1dC\x17\xaf\x1f\x03a\xdd\xc5\xfb\x22\xbe\x07\xe9\xbe\
\xa3\xec\x8f\xb7wM(m{M\xcb@\x06\xe3\xca\xd7\
Ab\xbfq\x05\xce\x9c#\xb9\x00\x15\xd8\xd3\xbf6\xef\
}\xc8\x9d\x91\x92\xf9\xa8S\x88kn\x8f\x9a\xb2\x8b+\
\x08\xde\xb9{\xb7b`\x1d\x1c\x5c\x02J\xbe\x9e\xcfy\
\xa1x\x16!\xa1\xe7\xc3\xc1\xba\xfb\xbd*<\xb92\xf3\
\x8c\x88\x87\xf7\xe2\xc5WE\x9d\xda\xa3\xf4\xc0\xd9XW\
\xbeTU\x0b\xd4\xecHj\x86\xafF^\xa4\xc9,\xff\
d\xadT(`\x5c\x07_L\x81]w\xe7\xec;\x82\
k?z\x98z\x19\xa8\x9a8\xcasJ9\x8f\x80\xa0\
\xe1\x22\xf6\xd7\xb5;\xf0\x0cx\xf79kI\xe7\x02\x80\
]\x8d[\xf0\xb3'q\xcd\xc6\xbd\xaaV\x959\x8b\x8a\
\xf12_o\xe8\xc6\x07f\xcd\xc3;\xa6\x95\xe1\x13\x9b\
\xf7\x16hIQg\x83N\xc0yl\xce\xa7Kkd\
\xd2\x10!\x1d\xf3\x90\xad\x01\x80p\xbb\x16\xc9\x9f3\xd0\
b\xbaK+\xee\xd5\xdb\x07w\x0e\xa3\xe52\xa3\xc6w\
\x99\xca\xa9\xb7<\x8b\xd6\xf7\xccb\xc2\x90\x1f\xdf\xd3\xb9\
\xccg\x9f\xfd\x01\x1b\xda\x86\x95\xf6W\xfa\x97\xd4\x8a{\
VE\x07\xde3\xa3\x0a+\x12\x9d\xf8\xf5\xd7\x7f\xc9\xc1\
z\xb6\xd4\xd7n\xa3k\xe0]\xfb\xee\xb4ri\x0d\xd0\
\xee\x9bO\xca\x094\xfc>\xe7nQ\xe0\xe5%\x05\xda\
\x04\x07\x87\x15\x0d\xdf\xcf\xc8\xbb\x02]L3k-t\
>^\xe8\xe0\xf4\xea\x9e+\xb4\xe8\x1f\xd9\xfbN\x19u\
\xa9\xdd\xb1\xb9\x10\xef\x87\x0e\x9f\xc1\xd9UK\xb1^z\
\x9b\xd4-S\x5c\x80;\xee-\xc3\xa3\xc7Ng\xd5\xa3\
y\xfd\x1c\xeb\xb74\xc4\x11\x00\xb2g\xbaKo\x11\xb7\
^\xa4`\x80\xeb5\xe8\xf3\x9a@\xa3\xaf\xb1\xed.\xb7\
\xe58\xd4\xf3\x87\x5c\x9b\xda\xf8\xeb:\xbf\x0d\xc6|\x1f\
]\xcf='\xaekpX\xe8s\x90\xc2\xfa\xf5\x7f\x5c\
\xc7E=\xeb\xb1\xb2\xbeG\xc5\xf4\xbb\xa6W`ck\
\x0f\xfe\xf3\xc6\x8dI\x0e^v\x18\xb7\x8d\xfd\xd1\x9dg\
 w\x8e\x9c\xef\xe1@\xa9[\xc0\xf0^R\xe3\x0a\xc1\
k\x983S7\xe9\x83lg\x8fV/\x0e\x84}\xcf\
\xa6Z\x18\xdc\xb1\xd3\xd9\x87q\xcd\xc1\x88x\xe5\xcc\x91\
\xfd<\x9d\x0b\xff\x8d\xb4\xee\xf1\xd5+\xef`y\xf5\x12\
|@\xc6\xf4{\xe6\xe0\xa9S\xe7\x0bz\x8cN\x8b\x5c\
\x8f>\x81\xab\xae\x0aR\x9b\x81g\x1f\x05h\xfdH\xca\
\xf7\x01\x027\x96\xeb\xe5\xed\xf4U\x04\x8f\xfa\xcf\xf6\xec\
\xear'p\xcfM\x01y\xfdT\x9b?$0\xf3\x98\
\xfcz$\x9d\xcb\xac\x5c\xb3\x1d\xbf\x7f\xd7,l\xeb\xe8\
\xc3\x7fib\xba\x0b\xeb\x94\xde\x9f\xcdS\xc7\x89{K\
\x5c\xb2\xcdM]g\xb1\x93\xe7\x1a\xa8\x07\x0fT\x9c\x13\
\xfb\x9e\x00\x1a\xff'\x0a\xff\x1dh\xfe!FN\xafe\
^\x05\xcc\x18F\x9d\x07\xb8\xb1\x0eVo\xc0\xfc\xd75\
4\xb6\x09\xbfw\xe7#x\xf2\xe4\xb9\x1co#\xaa\xd6\
\xdd\xcbg\x929\x83\xe1\xcej\x82z\xc6\xba\xf2\x0b\xe6\
\x19\xe2\xf4\xa6a\xcc\x92l=X/\xde=\x98u\x7f\
\x94\xfc\xc46W\x82\xa0Xwm$)\xacO?\xff\
\xe2\x8f\x8a\xcb8\xa7\xaa\x03\xff\x12\xf5^\x00<<L\
\xb8X\xf6\x88\x0b><\xed\xb8\xbdA\x0a\xd6M^B\
>\xe7\x18\xf5\xb5\x15\x83;V\xe0\x99\x01\xe6\xd9\x833\
\xeeSt\xe9\x0c\xfe)\x1d\xeb\xba9jJ\x17\xf3\xc2\
\xf9K\xf8\xdf\x22\xa6\xaf\xdb\xb0\x83\xe9\xd5\x83\xc8\x9d\x05\
\xd8\xf6\x98\x1a\xfd\x87<b\x7f\xc8>\x0d\xe93\xd3\xd5\
uh\xef_\xfa\xf0\xd3M\xb5\x1d\xe5\xac\x03K/E\
\xeb\xd5k\xda\x0f\x0e\x1eX\x07\xbe_;?\x8e\x99s\
\x8d\xb4\x06rb\xddv\xb5\x07\xe6\xf2+Wr4L\
\x84\x824X-\xea\xaa\xe5}b!\x87sK\xc9\x8f\
c\xeda\xf2\xe4\xcb\x142\xeb=}\xcb\x81\x11\xd7\xb1\
\xd0#\x06L\xcf/\xd0b\x1a\x97\x93\x0f\xec~;8\
\xf2t\xc4o\xbe\xf9\x17\xd6\xb7\xadP\xbb\x22\xbe\xfa\xf3\
W\xcc\xfc%^\x5c7\xf6f\x19\xfcC\x9f<?D\
\xde\xc4zn\x83a\x9d\x98c\x11|s\x01\x89z#\
\xd0\xfb\x06\xd8\xe6\x12\xd4szR\x8bC\xaf\x91\x0au\
<n_\x8ftL\xff\xecw\x9f\xab\x9dG\x1d\x0b\x07\
\xa4)cV\xbf\x86\x12\xd7=wY\xa2\xc1G\x1a,\
\xbe\x8aH\xf0[\xcc\xf9>I2\xa7=\xde\x7fIR\
NZ\xf8\xf3&\xd9z?N\xaf\xd0\xfa\x9e;\xb0\x8e\
\xe0\xf0\xe1\x02}O\x87\xeb!\x15j\x0e\xe8\xea\xe5\xa6\
\xf3\x94\xd7\xdex\x17\xff\xe7\xee2\xdc\xbc\xf5gY\xf9\
K\x9e/]\x00n\x97\xeb|\xe5\xf4%8\xba5\xa7\
\x7fQ\xa0>\x10)\xb6\xc7\xc8S\x9d\xaf\x09\xdc\xba5\
No\xc84_3\xcd<Y\xbb\x8f\x0837\xaa\xf6\
\x94\xf2\xffM\xd7\xa5\xbf\xbc\xfc:\xfe\xe0\xder|\xe9\
\xd2\xaf\xf4X\x0f\xc4_$\xe7\xe7\x14\x7f\xe8\x18x\x07\
\xa2\xa6#N\x9f\x94\x93\xd3\xf8h\xf6\x5c\xff\xbeo_\
\x0a\x08\x9cu\xdb|\x9f\xeb\x03\xce\xe2\xc9\x80\xdf\xeb\xc8\
\x8e\xeb/]\xba\x823\xe7\xb4\xe0\x1f\xaf\xfd)\xca\xd5\
\x93\x85jU\xe0\xe3\x9c\xfc\xac;\xb0^\xb4\xdc\x9a\xf8\
\xf9\x04\xcf\xdd\x03\xec\x04%\xfd\xfb\x8e<\x1b\x099\x8c\
)\x7f4q\x1d\xb8\xb1-.\xd7\x95\x12\xd31\x0b\xeb\
\xe7/\x5c\xc6\xc5j\xe74\x9a\xdf\xff\x22\xee\xc2\xb1\xee\
l\xc1\x18\xf9\x0c\x84\x89\xd3\x18\x1a\xef1qN\xf1w\
\xb1\xcd\x8a\xe2b\xdd\xc4Q\xf2}&\x8b\xba\x03.\xfd\
\xf3EX\xff\xe0\xc3O\xf1\xdc\x85\xcb\x9a\xfc%\xa0\xa6\
\x98\x9a\x7f\x80\xdb\xc32T\xeeN\xfd\xfb\x14m\xb2\xf3\
{\x06\xd2<\xd9z\xe4`\x89\xaf\xe8\x13\xd7\x81\x87u\
\xd3^&'\xd6\x81\xeemm\xe3\xc7[\xf7p\xa3\xdd\
+\xb7\x98\xfayc>\x8e\x01\xe2:\xb5\xc7M\xee\xe9\
x\xce\x02\x08\xaf!\xee\xbe\x00V\xbcd\x9c\xff\x08\xe6\
\xfe\xbaV7\xe3\xf0\x80\xe4\xf4a\xe2\xc4{mO\x13\
,\xbb\xb6\x02\xf9\xc6\xdaj\x0c\x00G\xbeb\xf9=R\
\xe7\x90\x80\xee\xbc\x08b\xc6}\x0a\xd6!\x5c\xceB\xf5\
\xcb\x8a\xad\xff\xb2`=\x7fO\x1e\x9a\xfe\x9c\xca\x0f\x01\
{\x8dk\xd2\xd3\x90\xb9\x0f\x86\x9f\x19\x89;J\x90\xcb\
u\x02\x0f\xac;\xb4\xbe\xe8\x13\xdb\x81\xf9w]=!\
\xcak0\xf1\x7f\xc1\xcd\xe5\xd6\xf1\xf0u\xfb\x1f\xad\xf1\
\x97\xa8\x9d\x02\x8b^\x03M\xb5)\x01\xa3\xce\x98\xee\xa3\
\x01\xf0\xe16\x81\x9e\xef\x19\xd4\xa7\x82\x8a#\x1b\x0f\xa6\
\x18\xb5)x\xde\xe8\xf1\xechg\x92\xee\x9d\x02\xd4\xba\
\xd2\xc4\xc9\xf1\xda)\x06\x06=\x22\xa5\xe7\xa8\xd1\x90j\
g\x0b\xaeg\x18\xf8\xe7\x0f\x02-\x0ft\xbd7\xe0\xd0\
\x0aQ~>#v\x92\x16]\x8em~\x8av=\x0e\
)6\xa3\xe3g\xa2\xd4\x0e\xdc\x9c\x9dp\x9ej\xdfK\
K\x8c\xb6\xc6E\x02&\xd0\xc2\xf7\xb7\xea?t\x1e\x02\
\xd4\x1c&fo\xd1\xdbk\x1f\x88\xb9\x8fFO\xc7\xee\
\xefSf\xfe\xe0\x9a\xaf\x13c=a'/;\xa6\xfb\
\x9e-`\xef\xe5\x92xl@\xab\xc9\x5c\xbb\x02\x5cq\
P\xb7\x1f\xcc\xca\xc1uh\xba\xc98\x9fb\x1f!\xb2\
\x1e\x8d\x81u\x97v\x88\xdc/\xe4`\xcf\xc6\xcb+\x06\
\xd6\x19\x7f\x17\xa9\x9a:B\xcf\x90\xc2\x95f\xef\xc4t\
\xf89\x9av\xe9\xa1/\xd6\x99\x1e\x13\x10\xe8\xef\x84\xf4\
\x8f#\xeb\x1b}{|\x94\xfc\xc4R\xbf\xb1\xf3w\xee\
\x19B\xe8\xddSw3\x15c?\x08X\xf0\x0a@\xf0\
\xac\x01\xda\xdc\x9f\xa4\xa5\xf7\xd4wM\x95W?\xa77\
\xe9\xe6\xfd\x05\xe0UQ\xea]_\xac\x17a\x8eE\xd9\
\x13@\xea\xe5j\x9e7\x8e/\xbck\xef\x22:z\x9a\
.\x8d\x91\xef\xb38ex\xe6\xce\xc0\xa8g\x98\x0f\xa7\
\x8b\xda\xdb\xe6x]\xc4\x9dE\x05\xd0\x9a\x84\xf0O\xf5\
\xf5\xab\x01J?\xc7\xd6sD\xbdG\xaf\x0fg-\x88\
/\x5c0m\x93\xa5\x97\x82\x81\xb0\xcb\x89\xdd\xa4\x9c#\
\xe9\xe6z\x07\x89\xe9I\xda\x9c\xb7\x80\xbb\x9ed\xeaM\
\x92nM\x84\x077\xdc\xe5_g\xf2_\xe7xO\x9a\
\xb0\x81\xb7\xe1\x0d\xbe|\x96\x00\xdc\xa8Py\x86\xcb\x0f\
\x8eT\x1b`\xd8\xf7\x80\xbb\xfb.\x14\xd6mZQ]\
\xbe\xee\x8bu\xd7\xe7{\xebvd%\xf9\x1c\x96\xd0\x1a\
\x1e\xee\x5c\xde\xe1\xab\xeb\xd5\x93\xf4\xe2\x10$=u\x84\
I6\xce\xc1\xa5\x9f#\xcc\x1e\x9d\x9aZ\x17\xb7\x85\xe9\
\xcd\xeb\xfaL\xa7\x22\x0f\x07j\xbe\x12\xe3\xbfX\xba\x06\
\x1b\xa7\xd0\x13\xeb\xf4\xbd;\x8e\xe7-@\xbeO\xd5\xc3\
\x92vS;\xf8\x14\x94\xbe\x88\xd6\xbb\xd5\xc6\xf3\x02B\
\x5cg\xf8\xdf\x84\xc6> q\xd7q\xdc\x19=2\xbc\
L\x08|@J/\x85\xaa7\xa2\xd4\xda\xa1t\x19T\
/x\xd7\xfb\xe8\xf3}\xbd\xfdp,u.iF\x86\
\xf4]\xa8^\xbd'\x8f\xde8\xa9\xbeG\x82\xe69D\
\xaf\xc1\xb2\x0f\x19\x09\xfdq\xee.vp\xf4\xd9\xc8y\
|`}\x86\xd1g\xc1\xe3\xf9\xf2\xdeM\x03\xe6\xbe\xb2\
\x0b\xdf\x14\x7fG\xcal\x0d]\xdc\xad y{<.\
Jl}\x1a\x10v\xcd\x12\xe61\x9c\x19dl>\x80\
g_\xddw\x7f\x13\xf9|\x04\xff>\x8c\x8d\x9b\x9e=\
?\xa5\xe8\xef|v\xb9\xea\xe6\xbfq\xb4\xb4\xd63?\
\x80\x17\x11\xeb\xf5R\xf4-\x0e?~J]g}&\
\xc0C\xc3\x01\x10{~d\xea\x13\xb1\xceC\x8f\x1e\xbb\
\x93\xe3h\xcaGA\xafc\xca\x99m\x99\xf2\x978\xf3\
\x0b\xf0\x8b\x1f\x9c\xf3G\xfb\xb3\x13\xce\xe6\x82\x9c\x0ex\
\xf1\xdd\xe89n\xcb\xd15\xfe&d\xdf\xcedL>\
0\xa1\xe6\x22{X\x12\xb4\xe6\xc8\xcc_(3N\xed\
\xfb\x07\xb4y\x93)/\xa0\xe4\xf1\xd6\x9c\x91\xa1{\x0c\
\xe6o\x11\xf3\x8c%\xf9\xe3\x80\xe3\xecd\xd6\xf4@\xad\
\x8f)=w\x86\x0e\x84\xec5N\xe1\x19\xdb\xf2/n\
]\xea\xa8%M\xba$'\xd6\xc1]\x93\xa2\xe1\xf3\xb6\
y,p\xf5\x03q\xf6\x9e\x9bz\xec>>\xaa\xb6\xfa\
\xd6\xb4\xbb\x07\x19g\x9c\x8b\xaf\xea\xe2\xbcc\xcc}\x1a\
\xb6\xf7F\xbb\xf7\xc8wN\xcc\x99%Y|\xda\xadX\
G\xbd\xa6\xdax\xd6\x80\xdbk\xc6\xb6k\x05!\x06'\
\x90X\x07qv\x85\xc6\xf64\x07\x83\xaf\x81)\xdf`\
\xf6~X\xbcW[\x9d\x12G#\xc8\x885\xa4^#\
q\xb7\x82s/\x18\x83\xc3\xa5\xd3%\xd9\xbc7]Z\
4+\xc7\x0d,\xda\x0f\x07\xb7\x80\xcd_\x06\x9e\xbf\x1a\
\x85\xebO\xe2\xe4Qk(\xd3\x19\xc7\xe0\xca\x92cB\
\x1cn;\xa3\x17\x0a>\xb9\xba\xeb{\x11\xf4\xfe\xd4\x99\
>\x02o\x1f\x88\xcb'\xc5\x85u\xdd~&\x1b\xc7\x88\
\xa3\xb5\xa6hA(y5\xe7\xdc0\xc6q\xa0\xf5\x06\
(\xe7\x5c\xdc\x9a\xc3\x85uS\x1f\x82\xb2\xb7\x91\xc5/\
r\xe1;\xe9\xc6\xbbK\x0b\x0f\x0e\x1c\x93{\xb3>}\
M\xeal\x85\xb8\x13'X\xff\x85Y\x87Zg\x22\xb6\
z\x13-\xfb\xb4t}- \xceY\xe3p\xe0)\xbb\
G\x99;Jm\xb1\x8d\xe5_\xc0\xed\xc1p\xe6?`\
\xc9\x7f\x90\xc6C@Jmj\xe99\x17\x8b\x0f\x19\x8b\
\xafH\xad#<\xce|@\xbb\xcf\x14\xd7\xdf<\x94\x9f\
\x00w\xbf\x17r\xde\x1b\x0a\x17\x87\x90\xcf\x18=\xbd(\
<x\xd0\xe4\x9d\x0c\x7fH@\x8b\x96\xc9\xd5k.F\
\xff\xdc\xa7\x0f\xe79\xfb\x22{e\x98\xe2!\xb1\xd7\xce\
\xe23\xc4\xf4\xcb\xe0\xc4d\xf4\xd5\x89\xa0?\xcf\x9e\xa3\
\xc1A\x87\xb6\x0e\xd1\xde\xe3\xf7\xd9U\xe2\x8c\xaf\xe0\xe6\
Fj\xb9k\x8e^oQ\xf8O\x14n.\xd2s\x5c\
\xca\x8ec\x126(\xfct\x1fo$\x027\xcdkF\
\x85\xccg\x03\xed\xfaN \xd4I\xb6=x\xae\xb3\xc2\
\xd9\xeb\xe2\xceH\xc1\x1fc\xe8\xca\x17C\xe8/|4\
\x9e\x84g<\x0e\xdf\x98\xed\x15\x16BW\x12\x873\xcc\
\xfc\x19\xbc\xbc\xcdm9\xa3\x03\xab\x14\x0e\x88\xcb\xdf=\
4\xcf\xc8W\xdf\x18<\x96C\xa0\xb3 \xe6\xb9\xe3\xd4\
z\x17\xf3,\xf3\xac)\x90\xc2\xbb\x0eU\xb7\xe9\xfa]\
\x8e\xe7\x8b\xb5\x93z\x8ap\x18z79\xbb\xcf\x11\x82\
s\x00\xf1\xf6\x85\x06\xd7\x0d\x16\xe13\xa2|n\xb6\xda\
\xcf\xd7c\xc54\xbf\xd6\xce\x97\x1dq\xdeGW\xc0\xd7\
\xfb$Y\xcf\xd6\x94\xc5zb_\xc2\xc7\xf7\xc7\x1b\xa3\
>\x9a\xd2[\xfc\x1c\xf8\xed\xb8\xa5{f\xb0\xfd\xd3\xa9\
\xb3G\x0f\xbcqwH\x05\xdfo\x14\x08\xd3q~V\
R\xad\xe1SS\xf8\xf4F\xa6\xf2Ls\xcd\xf78g\
7\x07\xeb@\xe3dP?\xc7\x90\xfc\xfe\x10\x9e\xed\x94\
\x1d\xf1\x94\x9f3\x04\xd6\x8b~>qp\x1c\xbaO\x15\
0\xa6p\xb5f\x1c\x8e\x07\x85\x93@\xe5\x97\xc0m\x94\
G\xdc.g5\xf9\xbd\x82\xdb?\xff\x08\xc9\xdb\x89{\
6R\xb8M\xd6\xb8f\xc17\xdb+\x94\xf0\xec\x023\
\xef\x09\xf1>\x1b\xb9xSXC[\xf7\xa2\x06\xc6\x15\
\x99\x9bE|\xaf\xb9Xd\xe5\xac\x04\xdf\x00\x8a\xde\x14\
\x98\xbf\xa7zw\x1au!>\xb9\x87\xc7\x1e`\x8eV\
\x8e\xc3\x9b\xe1~~A5%!<\x22\x09\x9c<d\
hG(\xd8\xe5z\xcd\xc6\xe1n\xa3%\xdf\xa6p\xc4\
B{\xdb\x96\xeex{>ng\xdf\xccb\xf6\xaf\xa6\
\xda\xb7\x9c\xe5\xc5\x1b\x17\x0b\x0e}%\x048\x0f\xac\x5c\
[nNH\xd0B\xba8\xbfT.0|\x07\xe2\x8c\
So\x84t\x1d\xe7T\xc6\x11\xaa\x96-4\xdeo\xdb\
\xcf\xf1\x16\xbc&\x1f>T\xd1w\x00\x12y\xb4\xd4\xfa\
\xa8\x98\x9f\x0f\xc4\xad!\xa0\xf8?w\xe9&\xfaO\xba\
<e9\x1c\xed\x22\xe1\xeev<\x8b\xc8\xf3!G\xff\
\xd67O\xf8Nb\x91\x8b!\xc3\xde2\xad\xce\x89\x82\
s\x137\x8f\xa1\x99&\xe5\x95\xcc\xb3\x8b\xc5\x87\xba\x05\
\xb99\x85\xff\xa2\xd5\xe60\xb9\x0f\xdf\x89\xbc\x83\x81\xf5\
 \xe7\xbd\x8f?\x11\x10\xf5\xf8\x86\xbd\x12q\xe6\xef^\
\x9e\xdf\xc0\xef\xed\xc4\xf5\xc4\x8a\x13\xebC\xf8\xb5\x94n\
\x83\x8e\xc0\xa7\x7f\xe1\x88\xd5\x9c\xf9y\xb0=V\xc0\xeb\
\x07\x17+~\x93t\x1c\x06\xbe\xe5T\xc4X\xf8\x0f\xa8\
K\x01\xbf\xe3\xb5t\xe0\x9c\x17\x19y\x04x\x9e\x8d\xce\
=xL\xacC\xa0\xfa*\xce\xe7S\xec^PH\xde\
\xefT\xed\xe5s\xe5\x12A^3\xf8\xf7%8\x5c\x1f\
/\xdf} \xd4\x89\x8e\xe7\x8b\xc3\xc3\x09\xc9Y\xe0\xcc\
\xd3\xe2\xf4\xfc\x83hA\x18^\xbb\xe4\xfc\x84Z?\x02\
\xc1\xaf\x15\x88\xf3J\x97\xa6\x94\xa0\xf5\x9a\xea\xb3\x07\x10\
b\xf7{C\xe5T!\xf2z\xd0\xcd\xb3m}5\x07\
w\x83\xcc;r\xf8\xe7\x82Gl2q\x8d|\xe7\xe2\
\xdc~\x1f\xf8<\xf3\xcc}I\xc5\xc8\x83\xa6\xa2\x87\x00\
\x14\x8e\x18\x91s@\xf2,A\xa2\xfe\xd0\xc5a\x05\x7f\
N\x85\x97\xa7\x09Z\xbc\x12\xc0\x11\xbf\xd1\xadC\x03\x02\
F\xacu+\xea57V\x9f]S\x5c\xa1\xf2\x83\x03\
p\x899s!jM\x00\x84Z\x94\xe2\x89Q\x8c<\
\x94\xcb_\x88\x9d\x87\x033\xce\x02\xef\xbd0\xe5\xf4\xac\
X\x00E\xb81\xc6\xbf\x1f\x80\xa3V\x0c\xbfM$x\
0\xa2A\x8fj\xf4\xf9\x06\xc6\xae[\xf4\x9b1h\xf1\
G\xddw\xc5\xf0\xe4`y\x08\xe7\xe5VZ\x9f\x15f\
\xfc#if];b\x80\xc6\xf3$\xf1\x84=v\x81\
\xe9\xfa\xd3\xce\xcf\xabX9\xb4\xf8~\xffU\xbaJW\
\xe9*]\xa5\xabt\x95\xae\xd2U\xbaJW\xe9*]\
\xa5\xabt\x95\xae\xd2U\xbaJW\xe9*]\xa5\xabt\
\x95\xae\xff\xb8\xeb\xff\x01#\x92S\xc3\
"

qt_resource_name = b"\
\x00\x05\
\x00o\xa6S\
\x00i\
\x00c\x00o\x00n\x00s\
\x00\x05\
\x00k\xc4I\
\x00d\
\x00u\x00m\x00m\x00y\
\x00\x0d\
\x0b0%\xa5\
\x00d\
\x00u\x00m\x00m\x00y\x00.\x00f\x00e\x00a\x00t\x00u\x00r\x00e\
\x00\x08\
\x06aTG\
\x00m\
\x00o\x00o\x00n\x00.\x00s\x00v\x00g\
\x00\x07\
\x0a\xc1Z'\
\x00s\
\x00u\x00n\x00.\x00s\x00v\x00g\
\x00\x12\
\x03\xef\xfd?\
\x00h\
\x00o\x00b\x00g\x00o\x00b\x00l\x00i\x00n\x00_\x00i\x00c\x00o\x00n\x00.\x00i\x00c\
\x00o\
"

qt_resource_struct = b"\
\x00\x00\x00\x00\x00\x02\x00\x00\x00\x02\x00\x00\x00\x01\
\x00\x00\x00\x00\x00\x00\x00\x00\
\x00\x00\x00\x10\x00\x02\x00\x00\x00\x01\x00\x00\x00\x06\
\x00\x00\x00\x00\x00\x00\x00\x00\
\x00\x00\x00\x00\x00\x02\x00\x00\x00\x03\x00\x00\x00\x03\
\x00\x00\x00\x00\x00\x00\x00\x00\
\x00\x00\x00j\x00\x01\x00\x00\x00\x01\x00\x00\x03[\
\x00\x00\x01\x99\x98dL\x85\
\x00\x00\x00@\x00\x00\x00\x00\x00\x01\x00\x00\x01c\
\x00\x00\x01\x99sz8\x03\
\x00\x00\x00V\x00\x00\x00\x00\x00\x01\x00\x00\x01\xf8\
\x00\x00\x01\x99sz8\x04\
\x00\x00\x00 \x00\x00\x00\x00\x00\x01\x00\x00\x00\x00\
\x00\x00\x01\x99\x98'\xcf\x14\
"

def qInitResources():
    QtCore.qRegisterResourceData(0x03, qt_resource_struct, qt_resource_name, qt_resource_data)

def qCleanupResources():
    QtCore.qUnregisterResourceData(0x03, qt_resource_struct, qt_resource_name, qt_resource_data)

qInitResources()
